2026-09-15T14:50:04.5350462Z Current runner version: '2.337.0'
2026-09-15T14:50:04.5369140Z ##[group]Runner Image Provisioner
2026-09-15T14:50:04.5369675Z Hosted Compute Agent
2026-09-15T14:50:04.5370086Z Version: 20260828.587
2026-09-15T14:50:04.5370456Z Commit: abac92662cab4cc7352de4f9f9d2e2419aad9c29
2026-09-15T14:50:04.5370896Z Build Date: 2026-08-28T16:44:25Z
2026-09-15T14:50:04.5371326Z Worker ID: {3f5f0836-e92d-44f4-8cb6-8292512b428a}
2026-09-15T14:50:04.5371731Z Azure Region: westus3
2026-09-15T14:50:04.5372098Z ##[endgroup]
2026-09-15T14:50:04.5372849Z ##[group]Operating System
2026-09-15T14:50:04.5373184Z Ubuntu
2026-09-15T14:50:04.5373572Z 24.04.5
2026-09-15T14:50:04.5373902Z LTS
2026-09-15T14:50:04.5374237Z ##[endgroup]
2026-09-15T14:50:04.5374556Z ##[group]Runner Image
2026-09-15T14:50:04.5374897Z Image: ubuntu-24.04
2026-09-15T14:50:04.5375481Z Version: 20260907.300.1
2026-09-15T14:50:04.5376207Z Included Software: https://github.com/actions/runner-images/blob/ubuntu24/20260907.300/images/ubuntu/Ubuntu2404-Readme.md
2026-09-15T14:50:04.5377092Z Image Release: https://github.com/actions/runner-images/releases/tag/ubuntu24%2F20260907.300
2026-09-15T14:50:04.5377617Z ##[endgroup]
2026-09-15T14:50:04.5378330Z ##[group]GITHUB_TOKEN Permissions
2026-09-15T14:50:04.5379672Z Contents: write
2026-09-15T14:50:04.5380081Z Metadata: read
2026-09-15T14:50:04.5380408Z ##[endgroup]
2026-09-15T14:50:04.5381743Z Secret source: Actions
2026-09-15T14:50:04.5382323Z Cache mode: write
2026-09-15T14:50:04.5382748Z Prepare workflow directory
2026-09-15T14:50:04.5587863Z Prepare all required actions
2026-09-15T14:50:04.5619482Z Getting action download info
2026-09-15T14:50:04.8818840Z Download action repository 'actions/checkout@v3' (SHA:a37ce9120846195fa4ece8f58b268e6043cb2f26)
2026-09-15T14:50:05.0344233Z Download action repository 'actions/setup-java@v5' (SHA:b6effb05e454b25005698d916606bdc6ffcbf961)
2026-09-15T14:50:05.9530455Z Download action repository 'dtolnay/rust-toolchain@stable' (SHA:6bed0761d98439e5a578e2877258200ad565ba87)
2026-09-15T14:50:06.1903000Z Download action repository 'actions/upload-artifact@v4' (SHA:ea165f8d65b6e75b540449e92b4886f43607fa02)
2026-09-15T14:50:06.3500498Z Download action repository 'softprops/action-gh-release@v2' (SHA:3bb12739c298aeb8a4eeaf626c5b8d85266b0e65)
2026-09-15T14:50:06.9302084Z Complete job name: build
2026-09-15T14:50:06.9832644Z Node 20 is being deprecated. This workflow is running with Node 24 by default. If you need to temporarily use Node 20, you can set the ACTIONS_ALLOW_USE_UNSECURE_NODE_VERSION=true environment variable. For more information see: https://github.blog/changelog/2025-09-19-deprecation-of-node-20-on-github-actions-runners/
2026-09-15T14:50:06.9837462Z ##[group]Run actions/checkout@v3
2026-09-15T14:50:06.9837795Z with:
2026-09-15T14:50:06.9837968Z   lfs: true
2026-09-15T14:50:06.9838162Z   repository: wumingzhinu/twoyi
2026-09-15T14:50:06.9839582Z   token: ***
2026-09-15T14:50:06.9839758Z   ssh-strict: true
2026-09-15T14:50:06.9839945Z   persist-credentials: true
2026-09-15T14:50:06.9840158Z   clean: true
2026-09-15T14:50:06.9840353Z   sparse-checkout-cone-mode: true
2026-09-15T14:50:06.9840568Z   fetch-depth: 1
2026-09-15T14:50:06.9840757Z   fetch-tags: false
2026-09-15T14:50:06.9840940Z   submodules: false
2026-09-15T14:50:06.9841125Z   set-safe-directory: true
2026-09-15T14:50:06.9841367Z   allow-unsafe-pr-checkout: false
2026-09-15T14:50:06.9841646Z ##[endgroup]
2026-09-15T14:50:07.0332819Z (node:1934) [DEP0040] DeprecationWarning: The `punycode` module is deprecated. Please use a userland alternative instead.
2026-09-15T14:50:07.0333627Z (Use `node --trace-deprecation ...` to show where the warning was created)
2026-09-15T14:50:07.0399133Z Syncing repository: wumingzhinu/twoyi
2026-09-15T14:50:07.0400138Z ##[group]Getting Git version info
2026-09-15T14:50:07.0400475Z Working directory is '/home/runner/work/twoyi/twoyi'
2026-09-15T14:50:07.0400965Z [command]/usr/bin/git version
2026-09-15T14:50:07.0450804Z git version 2.55.0
2026-09-15T14:50:07.0471003Z [command]/usr/bin/git lfs version
2026-09-15T14:50:08.1139782Z git-lfs/3.8.0 (GitHub; linux amd64; go 1.27.0)
2026-09-15T14:50:08.1157949Z ##[endgroup]
2026-09-15T14:50:08.1163373Z Temporarily overriding HOME='/home/runner/work/_temp/699a5489-29ff-40b1-92a1-7f7f5818d5b0' before making global git config changes
2026-09-15T14:50:08.1164083Z Adding repository directory to the temporary git global config as a safe directory
2026-09-15T14:50:08.1167354Z [command]/usr/bin/git config --global --add safe.directory /home/runner/work/twoyi/twoyi
2026-09-15T14:50:08.1221715Z Deleting the contents of '/home/runner/work/twoyi/twoyi'
2026-09-15T14:50:08.1224126Z ##[group]Initializing the repository
2026-09-15T14:50:08.1226370Z [command]/usr/bin/git init /home/runner/work/twoyi/twoyi
2026-09-15T14:50:08.1309312Z hint: Using 'master' as the name for the initial branch. This default branch name
2026-09-15T14:50:08.1309682Z hint: will change to "main" in Git 3.0. To configure the initial branch name
2026-09-15T14:50:08.1309972Z hint: to use in all of your new repositories, which will suppress this warning,
2026-09-15T14:50:08.1310209Z hint: call:
2026-09-15T14:50:08.1310314Z hint:
2026-09-15T14:50:08.1310488Z hint: 	git config --global init.defaultBranch <name>
2026-09-15T14:50:08.1310661Z hint:
2026-09-15T14:50:08.1310847Z hint: Names commonly chosen instead of 'master' are 'main', 'trunk' and
2026-09-15T14:50:08.1311121Z hint: 'development'. The just-created branch can be renamed via this command:
2026-09-15T14:50:08.1311328Z hint:
2026-09-15T14:50:08.1311442Z hint: 	git branch -m <name>
2026-09-15T14:50:08.1311566Z hint:
2026-09-15T14:50:08.1311749Z hint: Disable this message with "git config set advice.defaultBranchName false"
2026-09-15T14:50:08.1313224Z Initialized empty Git repository in /home/runner/work/twoyi/twoyi/.git/
2026-09-15T14:50:08.1319330Z [command]/usr/bin/git remote add origin https://github.com/wumingzhinu/twoyi
2026-09-15T14:50:08.1354584Z ##[endgroup]
2026-09-15T14:50:08.1354883Z ##[group]Disabling automatic garbage collection
2026-09-15T14:50:08.1356461Z [command]/usr/bin/git config --local gc.auto 0
2026-09-15T14:50:08.1375451Z ##[endgroup]
2026-09-15T14:50:08.1375754Z ##[group]Setting up auth
2026-09-15T14:50:08.1379258Z [command]/usr/bin/git config --local --name-only --get-regexp core\.sshCommand
2026-09-15T14:50:08.1399246Z [command]/usr/bin/git submodule foreach --recursive sh -c "git config --local --name-only --get-regexp 'core\.sshCommand' && git config --local --unset-all 'core.sshCommand' || :"
2026-09-15T14:50:08.1603233Z [command]/usr/bin/git config --local --name-only --get-regexp http\.https\:\/\/github\.com\/\.extraheader
2026-09-15T14:50:08.1623968Z [command]/usr/bin/git submodule foreach --recursive sh -c "git config --local --name-only --get-regexp 'http\.https\:\/\/github\.com\/\.extraheader' && git config --local --unset-all 'http.https://github.com/.extraheader' || :"
2026-09-15T14:50:08.1778862Z [command]/usr/bin/git config --local http.https://github.com/.extraheader AUTHORIZATION: basic ***
2026-09-15T14:50:08.1803104Z ##[endgroup]
2026-09-15T14:50:08.1804948Z [command]/usr/bin/git lfs install --local
2026-09-15T14:50:08.2087438Z Updated Git hooks.
2026-09-15T14:50:08.2087701Z Git LFS initialized.
2026-09-15T14:50:08.2095938Z ##[group]Fetching the repository
2026-09-15T14:50:08.2101743Z [command]/usr/bin/git -c protocol.version=2 fetch --no-tags --prune --progress --no-recurse-submodules --depth=1 origin +672d978920e72a033eb4f23359bf9e409f7fee26:refs/remotes/origin/main
2026-09-15T14:50:08.6656754Z remote: Enumerating objects: 139, done.        
2026-09-15T14:50:08.6657192Z remote: Counting objects:   0% (1/139)        
2026-09-15T14:50:08.6657466Z remote: Counting objects:   1% (2/139)        
2026-09-15T14:50:08.6657724Z remote: Counting objects:   2% (3/139)        
2026-09-15T14:50:08.6657980Z remote: Counting objects:   3% (5/139)        
2026-09-15T14:50:08.6658244Z remote: Counting objects:   4% (6/139)        
2026-09-15T14:50:08.6658526Z remote: Counting objects:   5% (7/139)        
2026-09-15T14:50:08.6658817Z remote: Counting objects:   6% (9/139)        
2026-09-15T14:50:08.6659389Z remote: Counting objects:   7% (10/139)        
2026-09-15T14:50:08.6659664Z remote: Counting objects:   8% (12/139)        
2026-09-15T14:50:08.6659927Z remote: Counting objects:   9% (13/139)        
2026-09-15T14:50:08.6660196Z remote: Counting objects:  10% (14/139)        
2026-09-15T14:50:08.6660462Z remote: Counting objects:  11% (16/139)        
2026-09-15T14:50:08.6660718Z remote: Counting objects:  12% (17/139)        
2026-09-15T14:50:08.6660991Z remote: Counting objects:  13% (19/139)        
2026-09-15T14:50:08.6661293Z remote: Counting objects:  14% (20/139)        
2026-09-15T14:50:08.6661571Z remote: Counting objects:  15% (21/139)        
2026-09-15T14:50:08.6661838Z remote: Counting objects:  16% (23/139)        
2026-09-15T14:50:08.6662096Z remote: Counting objects:  17% (24/139)        
2026-09-15T14:50:08.6662355Z remote: Counting objects:  18% (26/139)        
2026-09-15T14:50:08.6662614Z remote: Counting objects:  19% (27/139)        
2026-09-15T14:50:08.6662874Z remote: Counting objects:  20% (28/139)        
2026-09-15T14:50:08.6663139Z remote: Counting objects:  21% (30/139)        
2026-09-15T14:50:08.6663400Z remote: Counting objects:  22% (31/139)        
2026-09-15T14:50:08.6663660Z remote: Counting objects:  23% (32/139)        
2026-09-15T14:50:08.6663919Z remote: Counting objects:  24% (34/139)        
2026-09-15T14:50:08.6664177Z remote: Counting objects:  25% (35/139)        
2026-09-15T14:50:08.6664431Z remote: Counting objects:  26% (37/139)        
2026-09-15T14:50:08.6664808Z remote: Counting objects:  27% (38/139)        
2026-09-15T14:50:08.6665452Z remote: Counting objects:  28% (39/139)        
2026-09-15T14:50:08.6665768Z remote: Counting objects:  29% (41/139)        
2026-09-15T14:50:08.6666027Z remote: Counting objects:  30% (42/139)        
2026-09-15T14:50:08.6666289Z remote: Counting objects:  31% (44/139)        
2026-09-15T14:50:08.6666553Z remote: Counting objects:  32% (45/139)        
2026-09-15T14:50:08.6666815Z remote: Counting objects:  33% (46/139)        
2026-09-15T14:50:08.6667073Z remote: Counting objects:  34% (48/139)        
2026-09-15T14:50:08.6667336Z remote: Counting objects:  35% (49/139)        
2026-09-15T14:50:08.6667820Z remote: Counting objects:  36% (51/139)        
2026-09-15T14:50:08.6668083Z remote: Counting objects:  37% (52/139)        
2026-09-15T14:50:08.6668337Z remote: Counting objects:  38% (53/139)        
2026-09-15T14:50:08.6668592Z remote: Counting objects:  39% (55/139)        
2026-09-15T14:50:08.6668882Z remote: Counting objects:  40% (56/139)        
2026-09-15T14:50:08.6669129Z remote: Counting objects:  41% (57/139)        
2026-09-15T14:50:08.6669380Z remote: Counting objects:  42% (59/139)        
2026-09-15T14:50:08.6669638Z remote: Counting objects:  43% (60/139)        
2026-09-15T14:50:08.6669893Z remote: Counting objects:  44% (62/139)        
2026-09-15T14:50:08.6670153Z remote: Counting objects:  45% (63/139)        
2026-09-15T14:50:08.6670423Z remote: Counting objects:  46% (64/139)        
2026-09-15T14:50:08.6670681Z remote: Counting objects:  47% (66/139)        
2026-09-15T14:50:08.6670939Z remote: Counting objects:  48% (67/139)        
2026-09-15T14:50:08.6671196Z remote: Counting objects:  49% (69/139)        
2026-09-15T14:50:08.6671471Z remote: Counting objects:  50% (70/139)        
2026-09-15T14:50:08.6671722Z remote: Counting objects:  51% (71/139)        
2026-09-15T14:50:08.6671971Z remote: Counting objects:  52% (73/139)        
2026-09-15T14:50:08.6672218Z remote: Counting objects:  53% (74/139)        
2026-09-15T14:50:08.6672474Z remote: Counting objects:  54% (76/139)        
2026-09-15T14:50:08.6672736Z remote: Counting objects:  55% (77/139)        
2026-09-15T14:50:08.6672995Z remote: Counting objects:  56% (78/139)        
2026-09-15T14:50:08.6673254Z remote: Counting objects:  57% (80/139)        
2026-09-15T14:50:08.6673520Z remote: Counting objects:  58% (81/139)        
2026-09-15T14:50:08.6673783Z remote: Counting objects:  59% (83/139)        
2026-09-15T14:50:08.6674231Z remote: Counting objects:  60% (84/139)        
2026-09-15T14:50:08.6674487Z remote: Counting objects:  61% (85/139)        
2026-09-15T14:50:08.6674749Z remote: Counting objects:  62% (87/139)        
2026-09-15T14:50:08.6675178Z remote: Counting objects:  63% (88/139)        
2026-09-15T14:50:08.6675481Z remote: Counting objects:  64% (89/139)        
2026-09-15T14:50:08.6675764Z remote: Counting objects:  65% (91/139)        
2026-09-15T14:50:08.6676023Z remote: Counting objects:  66% (92/139)        
2026-09-15T14:50:08.6676287Z remote: Counting objects:  67% (94/139)        
2026-09-15T14:50:08.6676544Z remote: Counting objects:  68% (95/139)        
2026-09-15T14:50:08.6676797Z remote: Counting objects:  69% (96/139)        
2026-09-15T14:50:08.6677080Z remote: Counting objects:  70% (98/139)        
2026-09-15T14:50:08.6677354Z remote: Counting objects:  71% (99/139)        
2026-09-15T14:50:08.6677647Z remote: Counting objects:  72% (101/139)        
2026-09-15T14:50:08.6677917Z remote: Counting objects:  73% (102/139)        
2026-09-15T14:50:08.6678201Z remote: Counting objects:  74% (103/139)        
2026-09-15T14:50:08.6678462Z remote: Counting objects:  75% (105/139)        
2026-09-15T14:50:08.6678732Z remote: Counting objects:  76% (106/139)        
2026-09-15T14:50:08.6678999Z remote: Counting objects:  77% (108/139)        
2026-09-15T14:50:08.6679264Z remote: Counting objects:  78% (109/139)        
2026-09-15T14:50:08.6679535Z remote: Counting objects:  79% (110/139)        
2026-09-15T14:50:08.6679804Z remote: Counting objects:  80% (112/139)        
2026-09-15T14:50:08.6680065Z remote: Counting objects:  81% (113/139)        
2026-09-15T14:50:08.6680328Z remote: Counting objects:  82% (114/139)        
2026-09-15T14:50:08.6680585Z remote: Counting objects:  83% (116/139)        
2026-09-15T14:50:08.6680843Z remote: Counting objects:  84% (117/139)        
2026-09-15T14:50:08.6681126Z remote: Counting objects:  85% (119/139)        
2026-09-15T14:50:08.6681397Z remote: Counting objects:  86% (120/139)        
2026-09-15T14:50:08.6681663Z remote: Counting objects:  87% (121/139)        
2026-09-15T14:50:08.6681931Z remote: Counting objects:  88% (123/139)        
2026-09-15T14:50:08.6682384Z remote: Counting objects:  89% (124/139)        
2026-09-15T14:50:08.6682650Z remote: Counting objects:  90% (126/139)        
2026-09-15T14:50:08.6682911Z remote: Counting objects:  91% (127/139)        
2026-09-15T14:50:08.6683173Z remote: Counting objects:  92% (128/139)        
2026-09-15T14:50:08.6683436Z remote: Counting objects:  93% (130/139)        
2026-09-15T14:50:08.6683704Z remote: Counting objects:  94% (131/139)        
2026-09-15T14:50:08.6683968Z remote: Counting objects:  95% (133/139)        
2026-09-15T14:50:08.6684225Z remote: Counting objects:  96% (134/139)        
2026-09-15T14:50:08.6684488Z remote: Counting objects:  97% (135/139)        
2026-09-15T14:50:08.6684746Z remote: Counting objects:  98% (137/139)        
2026-09-15T14:50:08.6685165Z remote: Counting objects:  99% (138/139)        
2026-09-15T14:50:08.6685427Z remote: Counting objects: 100% (139/139)        
2026-09-15T14:50:08.6685711Z remote: Counting objects: 100% (139/139), done.        
2026-09-15T14:50:08.6686014Z remote: Compressing objects:   0% (1/107)        
2026-09-15T14:50:08.6686294Z remote: Compressing objects:   1% (2/107)        
2026-09-15T14:50:08.6686574Z remote: Compressing objects:   2% (3/107)        
2026-09-15T14:50:08.6686853Z remote: Compressing objects:   3% (4/107)        
2026-09-15T14:50:08.6687129Z remote: Compressing objects:   4% (5/107)        
2026-09-15T14:50:08.6687398Z remote: Compressing objects:   5% (6/107)        
2026-09-15T14:50:08.6687669Z remote: Compressing objects:   6% (7/107)        
2026-09-15T14:50:08.6687943Z remote: Compressing objects:   7% (8/107)        
2026-09-15T14:50:08.6872076Z remote: Compressing objects:   8% (9/107)        
2026-09-15T14:50:08.6872421Z remote: Compressing objects:   9% (10/107)        
2026-09-15T14:50:08.6872974Z remote: Compressing objects:  10% (11/107)        
2026-09-15T14:50:08.6873263Z remote: Compressing objects:  11% (12/107)        
2026-09-15T14:50:08.6873502Z remote: Compressing objects:  12% (13/107)        
2026-09-15T14:50:08.6873675Z remote: Compressing objects:  13% (14/107)        
2026-09-15T14:50:08.6873846Z remote: Compressing objects:  14% (15/107)        
2026-09-15T14:50:08.6874014Z remote: Compressing objects:  15% (17/107)        
2026-09-15T14:50:08.6874181Z remote: Compressing objects:  16% (18/107)        
2026-09-15T14:50:08.6874348Z remote: Compressing objects:  17% (19/107)        
2026-09-15T14:50:08.6874544Z remote: Compressing objects:  18% (20/107)        
2026-09-15T14:50:08.6874710Z remote: Compressing objects:  19% (21/107)        
2026-09-15T14:50:08.6874876Z remote: Compressing objects:  20% (22/107)        
2026-09-15T14:50:08.6875198Z remote: Compressing objects:  21% (23/107)        
2026-09-15T14:50:08.6875481Z remote: Compressing objects:  22% (24/107)        
2026-09-15T14:50:08.6875748Z remote: Compressing objects:  23% (25/107)        
2026-09-15T14:50:08.6876019Z remote: Compressing objects:  24% (26/107)        
2026-09-15T14:50:08.6876291Z remote: Compressing objects:  25% (27/107)        
2026-09-15T14:50:08.6876566Z remote: Compressing objects:  26% (28/107)        
2026-09-15T14:50:08.6876839Z remote: Compressing objects:  27% (29/107)        
2026-09-15T14:50:08.6877109Z remote: Compressing objects:  28% (30/107)        
2026-09-15T14:50:08.6877383Z remote: Compressing objects:  29% (32/107)        
2026-09-15T14:50:08.6877649Z remote: Compressing objects:  30% (33/107)        
2026-09-15T14:50:08.6877919Z remote: Compressing objects:  31% (34/107)        
2026-09-15T14:50:08.6878188Z remote: Compressing objects:  32% (35/107)        
2026-09-15T14:50:08.6878468Z remote: Compressing objects:  33% (36/107)        
2026-09-15T14:50:08.6878746Z remote: Compressing objects:  34% (37/107)        
2026-09-15T14:50:08.6879018Z remote: Compressing objects:  35% (38/107)        
2026-09-15T14:50:08.6879309Z remote: Compressing objects:  36% (39/107)        
2026-09-15T14:50:08.6879599Z remote: Compressing objects:  37% (40/107)        
2026-09-15T14:50:08.6879874Z remote: Compressing objects:  38% (41/107)        
2026-09-15T14:50:08.6880340Z remote: Compressing objects:  39% (42/107)        
2026-09-15T14:50:08.6880622Z remote: Compressing objects:  40% (43/107)        
2026-09-15T14:50:08.6880897Z remote: Compressing objects:  41% (44/107)        
2026-09-15T14:50:08.6881223Z remote: Compressing objects:  42% (45/107)        
2026-09-15T14:50:08.6881497Z remote: Compressing objects:  43% (47/107)        
2026-09-15T14:50:08.6881775Z remote: Compressing objects:  44% (48/107)        
2026-09-15T14:50:08.6882058Z remote: Compressing objects:  45% (49/107)        
2026-09-15T14:50:08.6882337Z remote: Compressing objects:  46% (50/107)        
2026-09-15T14:50:08.6882611Z remote: Compressing objects:  47% (51/107)        
2026-09-15T14:50:08.6882887Z remote: Compressing objects:  48% (52/107)        
2026-09-15T14:50:08.6883187Z remote: Compressing objects:  49% (53/107)        
2026-09-15T14:50:08.6883461Z remote: Compressing objects:  50% (54/107)        
2026-09-15T14:50:08.6883736Z remote: Compressing objects:  51% (55/107)        
2026-09-15T14:50:08.6884027Z remote: Compressing objects:  52% (56/107)        
2026-09-15T14:50:08.6884307Z remote: Compressing objects:  53% (57/107)        
2026-09-15T14:50:08.6884581Z remote: Compressing objects:  54% (58/107)        
2026-09-15T14:50:08.6884860Z remote: Compressing objects:  55% (59/107)        
2026-09-15T14:50:08.6885314Z remote: Compressing objects:  56% (60/107)        
2026-09-15T14:50:08.6885587Z remote: Compressing objects:  57% (61/107)        
2026-09-15T14:50:08.6885861Z remote: Compressing objects:  58% (63/107)        
2026-09-15T14:50:08.6886137Z remote: Compressing objects:  59% (64/107)        
2026-09-15T14:50:08.6886407Z remote: Compressing objects:  60% (65/107)        
2026-09-15T14:50:08.6886871Z remote: Compressing objects:  61% (66/107)        
2026-09-15T14:50:08.6887064Z remote: Compressing objects:  62% (67/107)        
2026-09-15T14:50:08.6887253Z remote: Compressing objects:  63% (68/107)        
2026-09-15T14:50:08.6887442Z remote: Compressing objects:  64% (69/107)        
2026-09-15T14:50:08.6887631Z remote: Compressing objects:  65% (70/107)        
2026-09-15T14:50:08.6887808Z remote: Compressing objects:  66% (71/107)        
2026-09-15T14:50:08.6887974Z remote: Compressing objects:  67% (72/107)        
2026-09-15T14:50:08.6888140Z remote: Compressing objects:  68% (73/107)        
2026-09-15T14:50:08.6888309Z remote: Compressing objects:  69% (74/107)        
2026-09-15T14:50:08.6888486Z remote: Compressing objects:  70% (75/107)        
2026-09-15T14:50:08.6888666Z remote: Compressing objects:  71% (76/107)        
2026-09-15T14:50:08.6888840Z remote: Compressing objects:  72% (78/107)        
2026-09-15T14:50:08.6889008Z remote: Compressing objects:  73% (79/107)        
2026-09-15T14:50:08.6889184Z remote: Compressing objects:  74% (80/107)        
2026-09-15T14:50:08.6889348Z remote: Compressing objects:  75% (81/107)        
2026-09-15T14:50:08.6889516Z remote: Compressing objects:  76% (82/107)        
2026-09-15T14:50:08.6889683Z remote: Compressing objects:  77% (83/107)        
2026-09-15T14:50:08.6889869Z remote: Compressing objects:  78% (84/107)        
2026-09-15T14:50:08.6890034Z remote: Compressing objects:  79% (85/107)        
2026-09-15T14:50:08.6890198Z remote: Compressing objects:  80% (86/107)        
2026-09-15T14:50:08.6890362Z remote: Compressing objects:  81% (87/107)        
2026-09-15T14:50:08.6890528Z remote: Compressing objects:  82% (88/107)        
2026-09-15T14:50:08.6890704Z remote: Compressing objects:  83% (89/107)        
2026-09-15T14:50:08.6890873Z remote: Compressing objects:  84% (90/107)        
2026-09-15T14:50:08.6891042Z remote: Compressing objects:  85% (91/107)        
2026-09-15T14:50:08.6891205Z remote: Compressing objects:  86% (93/107)        
2026-09-15T14:50:08.6891376Z remote: Compressing objects:  87% (94/107)        
2026-09-15T14:50:08.6891540Z remote: Compressing objects:  88% (95/107)        
2026-09-15T14:50:08.6891709Z remote: Compressing objects:  89% (96/107)        
2026-09-15T14:50:08.6891994Z remote: Compressing objects:  90% (97/107)        
2026-09-15T14:50:08.6892177Z remote: Compressing objects:  91% (98/107)        
2026-09-15T14:50:08.6892347Z remote: Compressing objects:  92% (99/107)        
2026-09-15T14:50:08.6892530Z remote: Compressing objects:  93% (100/107)        
2026-09-15T14:50:08.6892705Z remote: Compressing objects:  94% (101/107)        
2026-09-15T14:50:08.6892874Z remote: Compressing objects:  95% (102/107)        
2026-09-15T14:50:08.6893044Z remote: Compressing objects:  96% (103/107)        
2026-09-15T14:50:08.6893211Z remote: Compressing objects:  97% (104/107)        
2026-09-15T14:50:08.6893375Z remote: Compressing objects:  98% (105/107)        
2026-09-15T14:50:08.6893542Z remote: Compressing objects:  99% (106/107)        
2026-09-15T14:50:08.6893709Z remote: Compressing objects: 100% (107/107)        
2026-09-15T14:50:08.6893890Z remote: Compressing objects: 100% (107/107), done.        
2026-09-15T14:50:08.7163909Z Receiving objects:   0% (1/139)
2026-09-15T14:50:08.7164179Z Receiving objects:   1% (2/139)
2026-09-15T14:50:08.7164397Z Receiving objects:   2% (3/139)
2026-09-15T14:50:08.7164601Z Receiving objects:   3% (5/139)
2026-09-15T14:50:08.7164798Z Receiving objects:   4% (6/139)
2026-09-15T14:50:08.7361751Z Receiving objects:   5% (7/139)
2026-09-15T14:50:08.7362010Z Receiving objects:   6% (9/139)
2026-09-15T14:50:08.7363182Z Receiving objects:   7% (10/139)
2026-09-15T14:50:08.7363471Z Receiving objects:   8% (12/139)
2026-09-15T14:50:08.7363702Z Receiving objects:   9% (13/139)
2026-09-15T14:50:08.7363909Z Receiving objects:  10% (14/139)
2026-09-15T14:50:08.7364112Z Receiving objects:  11% (16/139)
2026-09-15T14:50:08.7364323Z Receiving objects:  12% (17/139)
2026-09-15T14:50:08.7364759Z Receiving objects:  13% (19/139)
2026-09-15T14:50:08.7364970Z Receiving objects:  14% (20/139)
2026-09-15T14:50:08.7365297Z Receiving objects:  15% (21/139)
2026-09-15T14:50:08.7365507Z Receiving objects:  16% (23/139)
2026-09-15T14:50:08.7365711Z Receiving objects:  17% (24/139)
2026-09-15T14:50:08.7365927Z Receiving objects:  18% (26/139)
2026-09-15T14:50:08.7366138Z Receiving objects:  19% (27/139)
2026-09-15T14:50:08.7366281Z Receiving objects:  20% (28/139)
2026-09-15T14:50:08.7366414Z Receiving objects:  21% (30/139)
2026-09-15T14:50:08.7625258Z Receiving objects:  22% (31/139)
2026-09-15T14:50:08.7625567Z Receiving objects:  23% (32/139)
2026-09-15T14:50:08.7625788Z Receiving objects:  24% (34/139)
2026-09-15T14:50:08.7625992Z Receiving objects:  25% (35/139)
2026-09-15T14:50:08.7626193Z Receiving objects:  26% (37/139)
2026-09-15T14:50:08.7626416Z Receiving objects:  27% (38/139)
2026-09-15T14:50:08.7626643Z Receiving objects:  28% (39/139)
2026-09-15T14:50:08.7626849Z Receiving objects:  29% (41/139)
2026-09-15T14:50:08.7628492Z Receiving objects:  30% (42/139)
2026-09-15T14:50:08.7628705Z Receiving objects:  31% (44/139)
2026-09-15T14:50:08.7628910Z Receiving objects:  32% (45/139)
2026-09-15T14:50:08.7629460Z Receiving objects:  33% (46/139)
2026-09-15T14:50:08.7629700Z Receiving objects:  34% (48/139)
2026-09-15T14:50:08.7630178Z Receiving objects:  35% (49/139)
2026-09-15T14:50:08.7630662Z Receiving objects:  36% (51/139)
2026-09-15T14:50:08.7630867Z Receiving objects:  37% (52/139)
2026-09-15T14:50:08.7851131Z Receiving objects:  38% (53/139)
2026-09-15T14:50:08.7851485Z Receiving objects:  39% (55/139)
2026-09-15T14:50:08.7851701Z Receiving objects:  40% (56/139)
2026-09-15T14:50:08.7853307Z Receiving objects:  41% (57/139)
2026-09-15T14:50:08.7853588Z Receiving objects:  42% (59/139)
2026-09-15T14:50:08.7854107Z Receiving objects:  43% (60/139)
2026-09-15T14:50:08.7854584Z Receiving objects:  44% (62/139)
2026-09-15T14:50:08.7854874Z Receiving objects:  45% (63/139)
2026-09-15T14:50:08.8116061Z Receiving objects:  46% (64/139)
2026-09-15T14:50:08.8116433Z Receiving objects:  47% (66/139)
2026-09-15T14:50:08.8116674Z Receiving objects:  48% (67/139)
2026-09-15T14:50:08.8116915Z Receiving objects:  49% (69/139)
2026-09-15T14:50:08.8117121Z Receiving objects:  50% (70/139)
2026-09-15T14:50:08.8117599Z Receiving objects:  51% (71/139)
2026-09-15T14:50:08.8117797Z Receiving objects:  52% (73/139)
2026-09-15T14:50:09.1761713Z Receiving objects:  53% (74/139)
2026-09-15T14:50:09.1763706Z Receiving objects:  54% (76/139)
2026-09-15T14:50:09.1763934Z Receiving objects:  55% (77/139)
2026-09-15T14:50:09.1764192Z Receiving objects:  56% (78/139)
2026-09-15T14:50:09.1764603Z Receiving objects:  57% (80/139)
2026-09-15T14:50:09.1764819Z Receiving objects:  58% (81/139)
2026-09-15T14:50:09.1765140Z Receiving objects:  59% (83/139)
2026-09-15T14:50:09.1765356Z Receiving objects:  60% (84/139)
2026-09-15T14:50:09.1765574Z Receiving objects:  61% (85/139)
2026-09-15T14:50:09.1765784Z Receiving objects:  62% (87/139)
2026-09-15T14:50:09.1766036Z Receiving objects:  63% (88/139)
2026-09-15T14:50:09.1768260Z Receiving objects:  64% (89/139)
2026-09-15T14:50:09.1768625Z Receiving objects:  65% (91/139)
2026-09-15T14:50:09.1768832Z Receiving objects:  66% (92/139)
2026-09-15T14:50:09.1769046Z Receiving objects:  67% (94/139)
2026-09-15T14:50:09.1769240Z Receiving objects:  68% (95/139)
2026-09-15T14:50:09.1769437Z Receiving objects:  69% (96/139)
2026-09-15T14:50:09.1769634Z Receiving objects:  70% (98/139)
2026-09-15T14:50:09.1769831Z Receiving objects:  71% (99/139)
2026-09-15T14:50:09.1770033Z Receiving objects:  72% (101/139)
2026-09-15T14:50:09.1770238Z Receiving objects:  73% (102/139)
2026-09-15T14:50:09.1770437Z Receiving objects:  74% (103/139)
2026-09-15T14:50:09.1770644Z Receiving objects:  75% (105/139)
2026-09-15T14:50:09.1770843Z Receiving objects:  76% (106/139)
2026-09-15T14:50:09.1771051Z Receiving objects:  77% (108/139)
2026-09-15T14:50:09.1771254Z Receiving objects:  78% (109/139)
2026-09-15T14:50:09.6656705Z Receiving objects:  79% (110/139)
2026-09-15T14:50:09.6657000Z Receiving objects:  80% (112/139), 2.32 MiB | 2.44 MiB/s
2026-09-15T14:50:09.6657200Z Receiving objects:  81% (113/139), 2.32 MiB | 2.44 MiB/s
2026-09-15T14:50:09.6657391Z Receiving objects:  82% (114/139), 2.32 MiB | 2.44 MiB/s
2026-09-15T14:50:09.6657615Z Receiving objects:  83% (116/139), 2.32 MiB | 2.44 MiB/s
2026-09-15T14:50:09.6657863Z Receiving objects:  84% (117/139), 2.32 MiB | 2.44 MiB/s
2026-09-15T14:50:09.6658086Z Receiving objects:  85% (119/139), 2.32 MiB | 2.44 MiB/s
2026-09-15T14:50:09.6658304Z Receiving objects:  86% (120/139), 2.32 MiB | 2.44 MiB/s
2026-09-15T14:50:09.6658565Z Receiving objects:  87% (121/139), 2.32 MiB | 2.44 MiB/s
2026-09-15T14:50:09.6658787Z Receiving objects:  88% (123/139), 2.32 MiB | 2.44 MiB/s
2026-09-15T14:50:09.6659052Z Receiving objects:  89% (124/139), 2.32 MiB | 2.44 MiB/s
2026-09-15T14:50:10.0589963Z Receiving objects:  90% (126/139), 2.32 MiB | 2.44 MiB/s
2026-09-15T14:50:10.0590354Z Receiving objects:  91% (127/139), 2.32 MiB | 2.44 MiB/s
2026-09-15T14:50:10.0602761Z Receiving objects:  92% (128/139), 2.32 MiB | 2.44 MiB/s
2026-09-15T14:50:10.0603154Z remote: Total 139 (delta 13), reused 86 (delta 5), pack-reused 0 (from 0)        
2026-09-15T14:50:10.0625752Z Receiving objects:  93% (130/139), 2.32 MiB | 2.44 MiB/s
2026-09-15T14:50:10.0635560Z Receiving objects:  94% (131/139), 2.32 MiB | 2.44 MiB/s
2026-09-15T14:50:10.0645524Z Receiving objects:  95% (133/139), 2.32 MiB | 2.44 MiB/s
2026-09-15T14:50:10.0645795Z Receiving objects:  96% (134/139), 2.32 MiB | 2.44 MiB/s
2026-09-15T14:50:10.0646069Z Receiving objects:  97% (135/139), 2.32 MiB | 2.44 MiB/s
2026-09-15T14:50:10.0646341Z Receiving objects:  98% (137/139), 2.32 MiB | 2.44 MiB/s
2026-09-15T14:50:10.0646624Z Receiving objects:  99% (138/139), 2.32 MiB | 2.44 MiB/s
2026-09-15T14:50:10.0646847Z Receiving objects: 100% (139/139), 2.32 MiB | 2.44 MiB/s
2026-09-15T14:50:10.0647064Z Receiving objects: 100% (139/139), 29.84 MiB | 22.19 MiB/s, done.
2026-09-15T14:50:10.0647274Z Resolving deltas:   0% (0/13)
2026-09-15T14:50:10.0647446Z Resolving deltas:   7% (1/13)
2026-09-15T14:50:10.0647652Z Resolving deltas:  15% (2/13)
2026-09-15T14:50:10.0647844Z Resolving deltas:  23% (3/13)
2026-09-15T14:50:10.0648037Z Resolving deltas:  30% (4/13)
2026-09-15T14:50:10.0648448Z Resolving deltas:  38% (5/13)
2026-09-15T14:50:10.0648646Z Resolving deltas:  46% (6/13)
2026-09-15T14:50:10.0648843Z Resolving deltas:  53% (7/13)
2026-09-15T14:50:10.0649043Z Resolving deltas:  61% (8/13)
2026-09-15T14:50:10.0649239Z Resolving deltas:  69% (9/13)
2026-09-15T14:50:10.0649438Z Resolving deltas:  76% (10/13)
2026-09-15T14:50:10.0649643Z Resolving deltas:  84% (11/13)
2026-09-15T14:50:10.0649846Z Resolving deltas:  92% (12/13)
2026-09-15T14:50:10.0650045Z Resolving deltas: 100% (13/13)
2026-09-15T14:50:10.0650253Z Resolving deltas: 100% (13/13), done.
2026-09-15T14:50:10.7073550Z From https://github.com/wumingzhinu/twoyi
2026-09-15T14:50:10.7074030Z  * [new ref]         672d978920e72a033eb4f23359bf9e409f7fee26 -> origin/main
2026-09-15T14:50:10.7086588Z ##[endgroup]
2026-09-15T14:50:10.7086992Z ##[group]Determining the checkout info
2026-09-15T14:50:10.7087385Z ##[endgroup]
2026-09-15T14:50:10.7087738Z ##[group]Fetching LFS objects
2026-09-15T14:50:10.7088215Z [command]/usr/bin/git lfs fetch origin refs/remotes/origin/main
2026-09-15T14:50:10.7295994Z Fetching reference refs/remotes/origin/main
2026-09-15T14:50:33.2933401Z ##[endgroup]
2026-09-15T14:50:33.2933735Z ##[group]Checking out the ref
2026-09-15T14:50:33.2937260Z [command]/usr/bin/git checkout --progress --force -B main refs/remotes/origin/main
2026-09-15T14:50:33.5011191Z Switched to a new branch 'main'
2026-09-15T14:50:33.5014308Z branch 'main' set up to track 'origin/main'.
2026-09-15T14:50:33.5277614Z ##[endgroup]
2026-09-15T14:50:33.5309050Z [command]/usr/bin/git log -1 --format='%H'
2026-09-15T14:50:33.5326673Z '672d978920e72a033eb4f23359bf9e409f7fee26'
2026-09-15T14:50:33.5530381Z ##[group]Run actions/setup-java@v5
2026-09-15T14:50:33.5530672Z with:
2026-09-15T14:50:33.5530788Z   java-version: 17
2026-09-15T14:50:33.5530904Z   distribution: temurin
2026-09-15T14:50:33.5531023Z   cache: gradle
2026-09-15T14:50:33.5531131Z   java-package: jdk
2026-09-15T14:50:33.5531247Z   check-latest: false
2026-09-15T14:50:33.5531358Z   set-default: true
2026-09-15T14:50:33.5531471Z   verify-signature: false
2026-09-15T14:50:33.5531594Z   server-id: github
2026-09-15T14:50:33.5531708Z   server-username: GITHUB_ACTOR
2026-09-15T14:50:33.5531847Z   server-password: GITHUB_TOKEN
2026-09-15T14:50:33.5531981Z   overwrite-settings: true
2026-09-15T14:50:33.5532107Z   job-status: success
2026-09-15T14:50:33.5533427Z   token: ***
2026-09-15T14:50:33.5533546Z   show-download-progress: false
2026-09-15T14:50:33.5533682Z ##[endgroup]
2026-09-15T14:50:33.6486330Z ##[group]Installed distributions
2026-09-15T14:50:33.7201586Z Resolved Java 17.0.20+1 from tool-cache
2026-09-15T14:50:33.7202105Z Setting Java 17.0.20+1 as the default
2026-09-15T14:50:33.7209169Z Creating toolchains.xml for JDK version 17 from temurin
2026-09-15T14:50:33.7253311Z Writing to /home/runner/.m2/toolchains.xml
2026-09-15T14:50:33.7253813Z 
2026-09-15T14:50:33.7253899Z Java configuration:
2026-09-15T14:50:33.7254106Z   Distribution: temurin
2026-09-15T14:50:33.7254268Z   Version: 17.0.20+1
2026-09-15T14:50:33.7254515Z   Path: /opt/hostedtoolcache/Java_Temurin-Hotspot_jdk/17.0.20-1/x64
2026-09-15T14:50:33.7254737Z 
2026-09-15T14:50:33.7254956Z ##[endgroup]
2026-09-15T14:50:33.7285324Z Creating settings.xml with server-id: github
2026-09-15T14:50:33.7285689Z Writing to /home/runner/.m2/settings.xml
2026-09-15T14:50:33.7286370Z Configured MAVEN_ARGS to include -ntp to suppress Maven transfer progress logs. Set 'show-download-progress: true' to keep the download progress output.
2026-09-15T14:50:33.9910496Z Cache hit for: setup-java-Linux-x64-gradle-c19b826e35474890d36c06c3b66c0a52510ecf0ef0da91948786a926f7db7441
2026-09-15T14:50:35.2317152Z Received 33554432 of 291600208 (11.5%), 32.0 MBs/sec
2026-09-15T14:50:36.2312955Z Received 251658240 of 291600208 (86.3%), 119.9 MBs/sec
2026-09-15T14:50:36.7326843Z Received 291600208 of 291600208 (100.0%), 111.3 MBs/sec
2026-09-15T14:50:36.7342961Z Cache Size: ~278 MB (291600208 B)
2026-09-15T14:50:36.7379477Z [command]/usr/bin/tar -xf /home/runner/work/_temp/55a19756-27c6-49a8-a42d-f11dd2e003f6/cache.tzst -P -C /home/runner/work/twoyi/twoyi --use-compress-program unzstd
2026-09-15T14:50:37.5690324Z Cache restored successfully
2026-09-15T14:50:37.5820168Z Cache restored from key: setup-java-Linux-x64-gradle-c19b826e35474890d36c06c3b66c0a52510ecf0ef0da91948786a926f7db7441
2026-09-15T14:50:37.8370712Z Cache hit for: setup-java-Linux-x64-gradle-wrapper-7320f320c8e007f07140853fe1cc8ac478489e629784bb2b2215fdd4e3aacd25
2026-09-15T14:50:39.0606353Z Received 33554432 of 267526936 (12.5%), 32.0 MBs/sec
2026-09-15T14:50:40.0552689Z Received 209715200 of 267526936 (78.4%), 100.1 MBs/sec
2026-09-15T14:50:40.4211745Z Received 267526936 of 267526936 (100.0%), 107.9 MBs/sec
2026-09-15T14:50:40.4212462Z Cache Size: ~255 MB (267526936 B)
2026-09-15T14:50:40.4238199Z [command]/usr/bin/tar -xf /home/runner/work/_temp/133fafc4-9267-4450-9d3f-4427c759b47c/cache.tzst -P -C /home/runner/work/twoyi/twoyi --use-compress-program unzstd
2026-09-15T14:50:40.6711945Z Cache restored successfully
2026-09-15T14:50:40.6827141Z gradle-wrapper cache restored from key: setup-java-Linux-x64-gradle-wrapper-7320f320c8e007f07140853fe1cc8ac478489e629784bb2b2215fdd4e3aacd25
2026-09-15T14:50:40.7082739Z ##[group]Run dtolnay/rust-toolchain@stable
2026-09-15T14:50:40.7082907Z with:
2026-09-15T14:50:40.7083031Z   targets: aarch64-linux-android
2026-09-15T14:50:40.7083173Z   toolchain: stable
2026-09-15T14:50:40.7083289Z env:
2026-09-15T14:50:40.7083460Z   JAVA_HOME: /opt/hostedtoolcache/Java_Temurin-Hotspot_jdk/17.0.20-1/x64
2026-09-15T14:50:40.7083727Z   JAVA_HOME_17_X64: /opt/hostedtoolcache/Java_Temurin-Hotspot_jdk/17.0.20-1/x64
2026-09-15T14:50:40.7083937Z   MAVEN_ARGS: -ntp
2026-09-15T14:50:40.7084196Z ##[endgroup]
2026-09-15T14:50:40.7132851Z ##[start-action display=Parse toolchain version;id=__dtolnay_rust-toolchain.parse]
2026-09-15T14:50:40.7167960Z ##[group]Run if [[ -z $toolchain ]]; then
2026-09-15T14:50:40.7168201Z [36;1mif [[ -z $toolchain ]]; then[0m
2026-09-15T14:50:40.7168528Z [36;1m  # GitHub does not enforce `required: true` inputs itself. https://github.com/actions/runner/issues/1070[0m
2026-09-15T14:50:40.7168880Z [36;1m  echo "'toolchain' is a required input" >&2[0m
2026-09-15T14:50:40.7169048Z [36;1m  exit 1[0m
2026-09-15T14:50:40.7169243Z [36;1melif [[ $toolchain =~ ^stable' '[0-9]+' '(year|month|week|day)s?' 'ago$ ]]; then[0m
2026-09-15T14:50:40.7169471Z [36;1m  if [[ Linux == macOS ]]; then[0m
2026-09-15T14:50:40.7169763Z [36;1m    echo "toolchain=1.$((($(date -v-$(sed 's/stable \([0-9]*\) \(.\).*/\1\2/' <<< $toolchain) +%s)/60/60/24-16569)/7/6))" >> $GITHUB_OUTPUT[0m
2026-09-15T14:50:40.7170036Z [36;1m  else[0m
2026-09-15T14:50:40.7170257Z [36;1m    echo "toolchain=1.$((($(date --date "${toolchain#stable }" +%s)/60/60/24-16569)/7/6))" >> $GITHUB_OUTPUT[0m
2026-09-15T14:50:40.7170511Z [36;1m  fi[0m
2026-09-15T14:50:40.7170686Z [36;1melif [[ $toolchain =~ ^stable' 'minus' '[0-9]+' 'releases?$ ]]; then[0m
2026-09-15T14:50:40.7170974Z [36;1m  echo "toolchain=1.$((($(date +%s)/60/60/24-16569)/7/6-${toolchain//[^0-9]/}))" >> $GITHUB_OUTPUT[0m
2026-09-15T14:50:40.7171218Z [36;1melif [[ $toolchain =~ ^1\.[0-9]+$ ]]; then[0m
2026-09-15T14:50:40.7171504Z [36;1m  echo "toolchain=1.$((i=${toolchain#1.}, c=($(date +%s)/60/60/24-16569)/7/6, i+9*i*(10*i<=c)+90*i*(100*i<=c)))" >> $GITHUB_OUTPUT[0m
2026-09-15T14:50:40.7171763Z [36;1melse[0m
2026-09-15T14:50:40.7171904Z [36;1m  echo "toolchain=$toolchain" >> $GITHUB_OUTPUT[0m
2026-09-15T14:50:40.7172071Z [36;1mfi[0m
2026-09-15T14:50:40.7205278Z shell: /usr/bin/bash --noprofile --norc -e -o pipefail {0}
2026-09-15T14:50:40.7205479Z env:
2026-09-15T14:50:40.7205651Z   JAVA_HOME: /opt/hostedtoolcache/Java_Temurin-Hotspot_jdk/17.0.20-1/x64
2026-09-15T14:50:40.7205931Z   JAVA_HOME_17_X64: /opt/hostedtoolcache/Java_Temurin-Hotspot_jdk/17.0.20-1/x64
2026-09-15T14:50:40.7206142Z   MAVEN_ARGS: -ntp
2026-09-15T14:50:40.7206264Z   toolchain: stable
2026-09-15T14:50:40.7206389Z ##[endgroup]
2026-09-15T14:50:40.7320183Z ##[end-action id=__dtolnay_rust-toolchain.parse;outcome=success;conclusion=success;duration_ms=18]
2026-09-15T14:50:40.7325456Z ##[start-action display=Construct rustup command line;id=__dtolnay_rust-toolchain.flags]
2026-09-15T14:50:40.7337057Z ##[group]Run echo "targets=$(for t in ${targets//,/ }; do echo -n ' --target' $t; done)" >> $GITHUB_OUTPUT
2026-09-15T14:50:40.7337419Z [36;1mecho "targets=$(for t in ${targets//,/ }; do echo -n ' --target' $t; done)" >> $GITHUB_OUTPUT[0m
2026-09-15T14:50:40.7337753Z [36;1mecho "components=$(for c in ${components//,/ }; do echo -n ' --component' $c; done)" >> $GITHUB_OUTPUT[0m
2026-09-15T14:50:40.7338041Z [36;1mecho "downgrade=" >> $GITHUB_OUTPUT[0m
2026-09-15T14:50:40.7366879Z shell: /usr/bin/bash --noprofile --norc -e -o pipefail {0}
2026-09-15T14:50:40.7367069Z env:
2026-09-15T14:50:40.7367240Z   JAVA_HOME: /opt/hostedtoolcache/Java_Temurin-Hotspot_jdk/17.0.20-1/x64
2026-09-15T14:50:40.7367507Z   JAVA_HOME_17_X64: /opt/hostedtoolcache/Java_Temurin-Hotspot_jdk/17.0.20-1/x64
2026-09-15T14:50:40.7367715Z   MAVEN_ARGS: -ntp
2026-09-15T14:50:40.7367845Z   targets: aarch64-linux-android
2026-09-15T14:50:40.7367990Z   components: 
2026-09-15T14:50:40.7368277Z ##[endgroup]
2026-09-15T14:50:40.7467240Z ##[end-action id=__dtolnay_rust-toolchain.flags;outcome=success;conclusion=success;duration_ms=14]
2026-09-15T14:50:40.7468877Z ##[start-action display=Set $CARGO_HOME;id=__dtolnay_rust-toolchain.__run]
2026-09-15T14:50:40.7480168Z ##[group]Run echo CARGO_HOME=${CARGO_HOME:-"$HOME/.cargo"} >> $GITHUB_ENV
2026-09-15T14:50:40.7480439Z [36;1mecho CARGO_HOME=${CARGO_HOME:-"$HOME/.cargo"} >> $GITHUB_ENV[0m
2026-09-15T14:50:40.7508547Z shell: /usr/bin/bash --noprofile --norc -e -o pipefail {0}
2026-09-15T14:50:40.7508882Z env:
2026-09-15T14:50:40.7509054Z   JAVA_HOME: /opt/hostedtoolcache/Java_Temurin-Hotspot_jdk/17.0.20-1/x64
2026-09-15T14:50:40.7509323Z   JAVA_HOME_17_X64: /opt/hostedtoolcache/Java_Temurin-Hotspot_jdk/17.0.20-1/x64
2026-09-15T14:50:40.7509536Z   MAVEN_ARGS: -ntp
2026-09-15T14:50:40.7509659Z ##[endgroup]
2026-09-15T14:50:40.7569099Z ##[end-action id=__dtolnay_rust-toolchain.__run;outcome=success;conclusion=success;duration_ms=9]
2026-09-15T14:50:40.7570694Z ##[start-action display=Install rustup if needed;id=__dtolnay_rust-toolchain.__run_2]
2026-09-15T14:50:40.7604827Z ##[group]Run if ! command -v rustup &>/dev/null; then
2026-09-15T14:50:40.7605289Z [36;1mif ! command -v rustup &>/dev/null; then[0m
2026-09-15T14:50:40.7605963Z [36;1m  curl --proto '=https' --tlsv1.2 --retry 10 --retry-connrefused --location --silent --show-error --fail https://sh.rustup.rs | sh -s -- --default-toolchain none -y[0m
2026-09-15T14:50:40.7606635Z [36;1m  echo "$CARGO_HOME/bin" >> $GITHUB_PATH[0m
2026-09-15T14:50:40.7606920Z [36;1mfi[0m
2026-09-15T14:50:40.7635757Z shell: /usr/bin/bash --noprofile --norc -e -o pipefail {0}
2026-09-15T14:50:40.7635963Z env:
2026-09-15T14:50:40.7636148Z   JAVA_HOME: /opt/hostedtoolcache/Java_Temurin-Hotspot_jdk/17.0.20-1/x64
2026-09-15T14:50:40.7636451Z   JAVA_HOME_17_X64: /opt/hostedtoolcache/Java_Temurin-Hotspot_jdk/17.0.20-1/x64
2026-09-15T14:50:40.7636683Z   MAVEN_ARGS: -ntp
2026-09-15T14:50:40.7636838Z   CARGO_HOME: /home/runner/.cargo
2026-09-15T14:50:40.7636998Z ##[endgroup]
2026-09-15T14:50:40.7771547Z ##[end-action id=__dtolnay_rust-toolchain.__run_2;outcome=success;conclusion=success;duration_ms=20]
2026-09-15T14:50:40.7773437Z ##[start-action display=Install rustup if needed on windows;id=__dtolnay_rust-toolchain.__run_3]
2026-09-15T14:50:40.7780023Z ##[end-action id=__dtolnay_rust-toolchain.__run_3;outcome=skipped;conclusion=skipped;duration_ms=0]
2026-09-15T14:50:40.7788864Z ##[start-action display=rustup toolchain install stable;id=__dtolnay_rust-toolchain.__run_4]
2026-09-15T14:50:40.7800552Z ##[group]Run rustup toolchain install stable --target aarch64-linux-android --profile minimal --no-self-update
2026-09-15T14:50:40.7800982Z [36;1mrustup toolchain install stable --target aarch64-linux-android --profile minimal --no-self-update[0m
2026-09-15T14:50:40.7829985Z shell: /usr/bin/bash --noprofile --norc -e -o pipefail {0}
2026-09-15T14:50:40.7830175Z env:
2026-09-15T14:50:40.7830368Z   JAVA_HOME: /opt/hostedtoolcache/Java_Temurin-Hotspot_jdk/17.0.20-1/x64
2026-09-15T14:50:40.7830646Z   JAVA_HOME_17_X64: /opt/hostedtoolcache/Java_Temurin-Hotspot_jdk/17.0.20-1/x64
2026-09-15T14:50:40.7830861Z   MAVEN_ARGS: -ntp
2026-09-15T14:50:40.7830997Z   CARGO_HOME: /home/runner/.cargo
2026-09-15T14:50:40.7831151Z   RUSTUP_PERMIT_COPY_RENAME: 1
2026-09-15T14:50:40.7831294Z ##[endgroup]
2026-09-15T14:50:41.2525784Z info: syncing channel updates for stable-x86_64-unknown-linux-gnu
2026-09-15T14:50:41.9729629Z info: latest update on 2026-09-03 for version 1.98.1 (48a229cea 2026-09-01)
2026-09-15T14:50:41.9896125Z info: downloading component rust-std
2026-09-15T14:50:43.7710345Z 
2026-09-15T14:50:43.7782386Z   stable-x86_64-unknown-linux-gnu updated - rustc 1.98.1 (48a229cea 2026-09-01) (from rustc 1.98.1 (48a229cea 2026-09-01))
2026-09-15T14:50:43.7782701Z 
2026-09-15T14:50:43.7812501Z ##[end-action id=__dtolnay_rust-toolchain.__run_4;outcome=success;conclusion=success;duration_ms=3002]
2026-09-15T14:50:43.7818134Z ##[start-action display=rustup default stable;id=__dtolnay_rust-toolchain.__run_5]
2026-09-15T14:50:43.7829001Z ##[group]Run rustup default stable
2026-09-15T14:50:43.7829199Z [36;1mrustup default stable[0m
2026-09-15T14:50:43.7858809Z shell: /usr/bin/bash --noprofile --norc -e -o pipefail {0}
2026-09-15T14:50:43.7858996Z env:
2026-09-15T14:50:43.7859167Z   JAVA_HOME: /opt/hostedtoolcache/Java_Temurin-Hotspot_jdk/17.0.20-1/x64
2026-09-15T14:50:43.7859435Z   JAVA_HOME_17_X64: /opt/hostedtoolcache/Java_Temurin-Hotspot_jdk/17.0.20-1/x64
2026-09-15T14:50:43.7859801Z   MAVEN_ARGS: -ntp
2026-09-15T14:50:43.7859937Z   CARGO_HOME: /home/runner/.cargo
2026-09-15T14:50:43.7860086Z ##[endgroup]
2026-09-15T14:50:43.7941437Z info: using existing install for stable-x86_64-unknown-linux-gnu
2026-09-15T14:50:43.7976091Z info: default toolchain set to stable-x86_64-unknown-linux-gnu
2026-09-15T14:50:43.7976360Z 
2026-09-15T14:50:43.8048059Z   stable-x86_64-unknown-linux-gnu unchanged - rustc 1.98.1 (48a229cea 2026-09-01)
2026-09-15T14:50:43.8048359Z 
2026-09-15T14:50:43.8063373Z ##[end-action id=__dtolnay_rust-toolchain.__run_5;outcome=success;conclusion=success;duration_ms=24]
2026-09-15T14:50:43.8065486Z ##[start-action display=Create cachekey;id=__dtolnay_rust-toolchain.rustc-version]
2026-09-15T14:50:43.8077561Z ##[group]Run DATE=$(rustc +stable --version --verbose | sed -ne 's/^commit-date: \(20[0-9][0-9]\)-\([01][0-9]\)-\([0-3][0-9]\)$/\1\2\3/p')
2026-09-15T14:50:43.8078028Z [36;1mDATE=$(rustc +stable --version --verbose | sed -ne 's/^commit-date: \(20[0-9][0-9]\)-\([01][0-9]\)-\([0-3][0-9]\)$/\1\2\3/p')[0m
2026-09-15T14:50:43.8078386Z [36;1mHASH=$(rustc +stable --version --verbose | sed -ne 's/^commit-hash: //p')[0m
2026-09-15T14:50:43.8078654Z [36;1mecho "cachekey=$(echo $DATE$HASH | head -c12)" >> $GITHUB_OUTPUT[0m
2026-09-15T14:50:43.8108450Z shell: /usr/bin/bash --noprofile --norc -e -o pipefail {0}
2026-09-15T14:50:43.8108632Z env:
2026-09-15T14:50:43.8108810Z   JAVA_HOME: /opt/hostedtoolcache/Java_Temurin-Hotspot_jdk/17.0.20-1/x64
2026-09-15T14:50:43.8109090Z   JAVA_HOME_17_X64: /opt/hostedtoolcache/Java_Temurin-Hotspot_jdk/17.0.20-1/x64
2026-09-15T14:50:43.8109298Z   MAVEN_ARGS: -ntp
2026-09-15T14:50:43.8109431Z   CARGO_HOME: /home/runner/.cargo
2026-09-15T14:50:43.8109577Z ##[endgroup]
2026-09-15T14:50:43.8651006Z ##[end-action id=__dtolnay_rust-toolchain.rustc-version;outcome=success;conclusion=success;duration_ms=58]
2026-09-15T14:50:43.8653084Z ##[start-action display=Disable incremental compilation;id=__dtolnay_rust-toolchain.__run_6]
2026-09-15T14:50:43.8664490Z ##[group]Run if [ -z "${CARGO_INCREMENTAL+set}" ]; then
2026-09-15T14:50:43.8664731Z [36;1mif [ -z "${CARGO_INCREMENTAL+set}" ]; then[0m
2026-09-15T14:50:43.8664915Z [36;1m  echo CARGO_INCREMENTAL=0 >> $GITHUB_ENV[0m
2026-09-15T14:50:43.8665265Z [36;1mfi[0m
2026-09-15T14:50:43.8694321Z shell: /usr/bin/bash --noprofile --norc -e -o pipefail {0}
2026-09-15T14:50:43.8694512Z env:
2026-09-15T14:50:43.8694693Z   JAVA_HOME: /opt/hostedtoolcache/Java_Temurin-Hotspot_jdk/17.0.20-1/x64
2026-09-15T14:50:43.8694957Z   JAVA_HOME_17_X64: /opt/hostedtoolcache/Java_Temurin-Hotspot_jdk/17.0.20-1/x64
2026-09-15T14:50:43.8695390Z   MAVEN_ARGS: -ntp
2026-09-15T14:50:43.8695526Z   CARGO_HOME: /home/runner/.cargo
2026-09-15T14:50:43.8695669Z ##[endgroup]
2026-09-15T14:50:43.8746737Z ##[end-action id=__dtolnay_rust-toolchain.__run_6;outcome=success;conclusion=success;duration_ms=9]
2026-09-15T14:50:43.8748345Z ##[start-action display=Enable colors in Cargo output;id=__dtolnay_rust-toolchain.__run_7]
2026-09-15T14:50:43.8758188Z ##[group]Run if [ -z "${CARGO_TERM_COLOR+set}" ]; then
2026-09-15T14:50:43.8758404Z [36;1mif [ -z "${CARGO_TERM_COLOR+set}" ]; then[0m
2026-09-15T14:50:43.8758591Z [36;1m  echo CARGO_TERM_COLOR=always >> $GITHUB_ENV[0m
2026-09-15T14:50:43.8758753Z [36;1mfi[0m
2026-09-15T14:50:43.8785914Z shell: /usr/bin/bash --noprofile --norc -e -o pipefail {0}
2026-09-15T14:50:43.8786100Z env:
2026-09-15T14:50:43.8786406Z   JAVA_HOME: /opt/hostedtoolcache/Java_Temurin-Hotspot_jdk/17.0.20-1/x64
2026-09-15T14:50:43.8786673Z   JAVA_HOME_17_X64: /opt/hostedtoolcache/Java_Temurin-Hotspot_jdk/17.0.20-1/x64
2026-09-15T14:50:43.8786883Z   MAVEN_ARGS: -ntp
2026-09-15T14:50:43.8787014Z   CARGO_HOME: /home/runner/.cargo
2026-09-15T14:50:43.8787161Z   CARGO_INCREMENTAL: 0
2026-09-15T14:50:43.8787284Z ##[endgroup]
2026-09-15T14:50:43.8836276Z ##[end-action id=__dtolnay_rust-toolchain.__run_7;outcome=success;conclusion=success;duration_ms=8]
2026-09-15T14:50:43.8837806Z ##[start-action display=Enable Cargo sparse registry;id=__dtolnay_rust-toolchain.__run_8]
2026-09-15T14:50:43.8849091Z ##[group]Run # implemented in 1.66, stabilized in 1.68, made default in 1.70
2026-09-15T14:50:43.8849372Z [36;1m# implemented in 1.66, stabilized in 1.68, made default in 1.70[0m
2026-09-15T14:50:43.8849742Z [36;1mif [ -z "${CARGO_REGISTRIES_CRATES_IO_PROTOCOL+set}" -o -f "/home/runner/work/_temp"/.implicit_cargo_registries_crates_io_protocol ]; then[0m
2026-09-15T14:50:43.8850142Z [36;1m  if rustc +stable --version --verbose | grep -q '^release: 1\.6[89]\.'; then[0m
2026-09-15T14:50:43.8850446Z [36;1m    touch "/home/runner/work/_temp"/.implicit_cargo_registries_crates_io_protocol || true[0m
2026-09-15T14:50:43.8850738Z [36;1m    echo CARGO_REGISTRIES_CRATES_IO_PROTOCOL=sparse >> $GITHUB_ENV[0m
2026-09-15T14:50:43.8851003Z [36;1m  elif rustc +stable --version --verbose | grep -q '^release: 1\.6[67]\.'; then[0m
2026-09-15T14:50:43.8851301Z [36;1m    touch "/home/runner/work/_temp"/.implicit_cargo_registries_crates_io_protocol || true[0m
2026-09-15T14:50:43.8851581Z [36;1m    echo CARGO_REGISTRIES_CRATES_IO_PROTOCOL=git >> $GITHUB_ENV[0m
2026-09-15T14:50:43.8851767Z [36;1m  fi[0m
2026-09-15T14:50:43.8851878Z [36;1mfi[0m
2026-09-15T14:50:43.8878693Z shell: /usr/bin/bash --noprofile --norc -e -o pipefail {0}
2026-09-15T14:50:43.8878876Z env:
2026-09-15T14:50:43.8879045Z   JAVA_HOME: /opt/hostedtoolcache/Java_Temurin-Hotspot_jdk/17.0.20-1/x64
2026-09-15T14:50:43.8879316Z   JAVA_HOME_17_X64: /opt/hostedtoolcache/Java_Temurin-Hotspot_jdk/17.0.20-1/x64
2026-09-15T14:50:43.8879523Z   MAVEN_ARGS: -ntp
2026-09-15T14:50:43.8879648Z   CARGO_HOME: /home/runner/.cargo
2026-09-15T14:50:43.8879794Z   CARGO_INCREMENTAL: 0
2026-09-15T14:50:43.8879919Z   CARGO_TERM_COLOR: always
2026-09-15T14:50:43.8880047Z ##[endgroup]
2026-09-15T14:50:43.9149001Z ##[end-action id=__dtolnay_rust-toolchain.__run_8;outcome=success;conclusion=success;duration_ms=31]
2026-09-15T14:50:43.9151049Z ##[start-action display=Work around spurious network errors in curl 8.0;id=__dtolnay_rust-toolchain.__run_9]
2026-09-15T14:50:43.9163110Z ##[group]Run # https://rust-lang.zulipchat.com/#narrow/stream/246057-t-cargo/topic/timeout.20investigation
2026-09-15T14:50:43.9163536Z [36;1m# https://rust-lang.zulipchat.com/#narrow/stream/246057-t-cargo/topic/timeout.20investigation[0m
2026-09-15T14:50:43.9163867Z [36;1mif rustc +stable --version --verbose | grep -q '^release: 1\.7[01]\.'; then[0m
2026-09-15T14:50:43.9164130Z [36;1m  echo CARGO_HTTP_MULTIPLEXING=false >> $GITHUB_ENV[0m
2026-09-15T14:50:43.9164305Z [36;1mfi[0m
2026-09-15T14:50:43.9193368Z shell: /usr/bin/bash --noprofile --norc -e -o pipefail {0}
2026-09-15T14:50:43.9193554Z env:
2026-09-15T14:50:43.9193727Z   JAVA_HOME: /opt/hostedtoolcache/Java_Temurin-Hotspot_jdk/17.0.20-1/x64
2026-09-15T14:50:43.9194000Z   JAVA_HOME_17_X64: /opt/hostedtoolcache/Java_Temurin-Hotspot_jdk/17.0.20-1/x64
2026-09-15T14:50:43.9194206Z   MAVEN_ARGS: -ntp
2026-09-15T14:50:43.9194335Z   CARGO_HOME: /home/runner/.cargo
2026-09-15T14:50:43.9194498Z   CARGO_INCREMENTAL: 0
2026-09-15T14:50:43.9194628Z   CARGO_TERM_COLOR: always
2026-09-15T14:50:43.9194761Z ##[endgroup]
2026-09-15T14:50:43.9360820Z ##[end-action id=__dtolnay_rust-toolchain.__run_9;outcome=success;conclusion=success;duration_ms=20]
2026-09-15T14:50:43.9364484Z ##[start-action display=rustc +stable --version --verbose;id=__dtolnay_rust-toolchain.__run_10]
2026-09-15T14:50:43.9394629Z ##[group]Run rustc +stable --version --verbose
2026-09-15T14:50:43.9395168Z [36;1mrustc +stable --version --verbose[0m
2026-09-15T14:50:43.9424595Z shell: /usr/bin/bash --noprofile --norc -e -o pipefail {0}
2026-09-15T14:50:43.9424782Z env:
2026-09-15T14:50:43.9424957Z   JAVA_HOME: /opt/hostedtoolcache/Java_Temurin-Hotspot_jdk/17.0.20-1/x64
2026-09-15T14:50:43.9425408Z   JAVA_HOME_17_X64: /opt/hostedtoolcache/Java_Temurin-Hotspot_jdk/17.0.20-1/x64
2026-09-15T14:50:43.9425621Z   MAVEN_ARGS: -ntp
2026-09-15T14:50:43.9425750Z   CARGO_HOME: /home/runner/.cargo
2026-09-15T14:50:43.9426020Z   CARGO_INCREMENTAL: 0
2026-09-15T14:50:43.9426149Z   CARGO_TERM_COLOR: always
2026-09-15T14:50:43.9426284Z ##[endgroup]
2026-09-15T14:50:43.9573620Z rustc 1.98.1 (48a229cea 2026-09-01)
2026-09-15T14:50:43.9574032Z binary: rustc
2026-09-15T14:50:43.9574313Z commit-hash: 48a229ceaefd4985c50990b14116b6d856af0985
2026-09-15T14:50:43.9574605Z commit-date: 2026-09-01
2026-09-15T14:50:43.9574859Z host: x86_64-unknown-linux-gnu
2026-09-15T14:50:43.9575267Z release: 1.98.1
2026-09-15T14:50:43.9575518Z LLVM version: 22.1.8
2026-09-15T14:50:43.9594231Z ##[end-action id=__dtolnay_rust-toolchain.__run_10;outcome=success;conclusion=success;duration_ms=22]
2026-09-15T14:50:43.9636341Z ##[group]Run cargo install cargo-xdk
2026-09-15T14:50:43.9636549Z [36;1mcargo install cargo-xdk[0m
2026-09-15T14:50:43.9667468Z shell: /usr/bin/bash -e {0}
2026-09-15T14:50:43.9667620Z env:
2026-09-15T14:50:43.9667801Z   JAVA_HOME: /opt/hostedtoolcache/Java_Temurin-Hotspot_jdk/17.0.20-1/x64
2026-09-15T14:50:43.9668078Z   JAVA_HOME_17_X64: /opt/hostedtoolcache/Java_Temurin-Hotspot_jdk/17.0.20-1/x64
2026-09-15T14:50:43.9668312Z   MAVEN_ARGS: -ntp
2026-09-15T14:50:43.9668447Z   CARGO_HOME: /home/runner/.cargo
2026-09-15T14:50:43.9668607Z   CARGO_INCREMENTAL: 0
2026-09-15T14:50:43.9668754Z   CARGO_TERM_COLOR: always
2026-09-15T14:50:43.9668902Z ##[endgroup]
2026-09-15T14:50:45.2103373Z [1m[92m    Updating[0m crates.io index
2026-09-15T14:50:45.3824413Z [1m[92m Downloading[0m crates ...
2026-09-15T14:50:45.4183990Z [1m[92m  Downloaded[0m cargo-xdk v2.12.6
2026-09-15T14:50:45.9728148Z [1m[92m  Installing[0m cargo-xdk v2.12.6
2026-09-15T14:50:46.7220973Z [1m[92m    Updating[0m crates.io index
2026-09-15T14:50:46.9047725Z [1m[92m     Locking[0m 51 packages to latest compatible versions
2026-09-15T14:50:46.9051247Z [1m[92m      Adding[0m cargo_metadata v0.15.4 [1m[33m(available: v0.23.1)[0m
2026-09-15T14:50:46.9052615Z [1m[92m      Adding[0m env_logger v0.9.3 [1m[33m(available: v0.11.11)[0m
2026-09-15T14:50:46.9113885Z [1m[92m      Adding[0m toml v0.5.11 [1m[33m(available: v1.1.6+spec-1.1.0)[0m
2026-09-15T14:50:46.9118976Z [1m[92m Downloading[0m crates ...
2026-09-15T14:50:46.9198234Z [1m[92m  Downloaded[0m atty v0.2.14
2026-09-15T14:50:46.9285453Z [1m[92m  Downloaded[0m aho-corasick v1.1.5
2026-09-15T14:50:46.9540232Z [1m[92m  Downloaded[0m camino v1.2.6
2026-09-15T14:50:46.9691099Z [1m[92m  Downloaded[0m eieio v1.0.0
2026-09-15T14:50:46.9696170Z [1m[92m  Downloaded[0m cargo-platform v0.1.9
2026-09-15T14:50:46.9704413Z [1m[92m  Downloaded[0m env_logger v0.9.3
2026-09-15T14:50:46.9724093Z [1m[92m  Downloaded[0m itoa v1.0.18
2026-09-15T14:50:46.9734219Z [1m[92m  Downloaded[0m cargo_metadata v0.15.4
2026-09-15T14:50:46.9745127Z [1m[92m  Downloaded[0m percent-encoding v2.3.2
2026-09-15T14:50:46.9750806Z [1m[92m  Downloaded[0m pathos v0.3.0
2026-09-15T14:50:46.9768283Z [1m[92m  Downloaded[0m log v0.4.34
2026-09-15T14:50:46.9785404Z [1m[92m  Downloaded[0m os_str_bytes v2.4.0
2026-09-15T14:50:46.9797178Z [1m[92m  Downloaded[0m smallvec v1.16.1
2026-09-15T14:50:46.9806091Z [1m[92m  Downloaded[0m pct-str v1.2.0
2026-09-15T14:50:46.9815574Z [1m[92m  Downloaded[0m termcolor v1.4.1
2026-09-15T14:50:46.9823679Z [1m[92m  Downloaded[0m semver v1.0.28
2026-09-15T14:50:46.9839540Z [1m[92m  Downloaded[0m thiserror-impl v1.0.69
2026-09-15T14:50:46.9848392Z [1m[92m  Downloaded[0m unicode-ident v1.0.24
2026-09-15T14:50:46.9867136Z [1m[92m  Downloaded[0m iref v1.4.3
2026-09-15T14:50:46.9884280Z [1m[92m  Downloaded[0m thiserror v1.0.69
2026-09-15T14:50:46.9923976Z [1m[92m  Downloaded[0m humantime v2.4.0
2026-09-15T14:50:46.9934759Z [1m[92m  Downloaded[0m utf8-decode v1.0.1
2026-09-15T14:50:46.9942094Z [1m[92m  Downloaded[0m gumdrop_derive v0.8.1
2026-09-15T14:50:46.9946776Z [1m[92m  Downloaded[0m serde v1.0.229
2026-09-15T14:50:46.9970290Z [1m[92m  Downloaded[0m zmij v1.0.23
2026-09-15T14:50:46.9988603Z [1m[92m  Downloaded[0m quote v1.0.47
2026-09-15T14:50:47.0002119Z [1m[92m  Downloaded[0m serde_core v1.0.229
2026-09-15T14:50:47.0020581Z [1m[92m  Downloaded[0m gumdrop v0.8.1
2026-09-15T14:50:47.0030223Z [1m[92m  Downloaded[0m serde_derive v1.0.229
2026-09-15T14:50:47.0051155Z [1m[92m  Downloaded[0m once_cell v1.21.4
2026-09-15T14:50:47.0068346Z [1m[92m  Downloaded[0m toml v0.5.11
2026-09-15T14:50:47.0083369Z [1m[92m  Downloaded[0m proc-macro2 v1.0.107
2026-09-15T14:50:47.0103372Z [1m[92m  Downloaded[0m memchr v2.8.3
2026-09-15T14:50:47.0182266Z [1m[92m  Downloaded[0m regex v1.13.1
2026-09-15T14:50:47.0221810Z [1m[92m  Downloaded[0m serde_json v1.0.151
2026-09-15T14:50:47.0273545Z [1m[92m  Downloaded[0m syn v1.0.109
2026-09-15T14:50:47.0384179Z [1m[92m  Downloaded[0m syn v2.0.119
2026-09-15T14:50:47.0459243Z [1m[92m  Downloaded[0m syn v3.0.5
2026-09-15T14:50:47.0533107Z [1m[92m  Downloaded[0m regex-syntax v0.8.11
2026-09-15T14:50:47.0581336Z [1m[92m  Downloaded[0m libc v0.2.189
2026-09-15T14:50:47.0899728Z [1m[92m  Downloaded[0m regex-automata v0.4.18
2026-09-15T14:50:47.8014437Z [1m[92m   Compiling[0m proc-macro2 v1.0.107
2026-09-15T14:50:47.8014832Z [1m[92m   Compiling[0m quote v1.0.47
2026-09-15T14:50:47.8015281Z [1m[92m   Compiling[0m unicode-ident v1.0.24
2026-09-15T14:50:47.8015592Z [1m[92m   Compiling[0m serde_core v1.0.229
2026-09-15T14:50:51.9847742Z [1m[92m   Compiling[0m memchr v2.8.3
2026-09-15T14:50:55.7901516Z [1m[92m   Compiling[0m serde v1.0.229
2026-09-15T14:50:55.8025196Z [1m[92m   Compiling[0m libc v0.2.189
2026-09-15T14:50:55.8966680Z [1m[92m   Compiling[0m syn v1.0.109
2026-09-15T14:50:55.9699862Z [1m[92m   Compiling[0m thiserror v1.0.69
2026-09-15T14:50:56.0294755Z [1m[92m   Compiling[0m zmij v1.0.23
2026-09-15T14:50:56.2305826Z [1m[92m   Compiling[0m aho-corasick v1.1.5
2026-09-15T14:50:56.9146697Z [1m[92m   Compiling[0m syn v3.0.5
2026-09-15T14:50:57.3517882Z [1m[92m   Compiling[0m syn v2.0.119
2026-09-15T14:50:57.4705753Z [1m[92m   Compiling[0m camino v1.2.6
2026-09-15T14:50:57.5866741Z [1m[92m   Compiling[0m regex-syntax v0.8.11
2026-09-15T14:50:58.6048621Z [1m[92m   Compiling[0m serde_derive v1.0.229
2026-09-15T14:50:58.7893031Z [1m[92m   Compiling[0m thiserror-impl v1.0.69
2026-09-15T14:50:59.5606430Z [1m[92m   Compiling[0m serde_json v1.0.151
2026-09-15T14:50:59.6326622Z [1m[92m   Compiling[0m utf8-decode v1.0.1
2026-09-15T14:50:59.6926925Z [1m[92m   Compiling[0m pct-str v1.2.0
2026-09-15T14:50:59.9737451Z [1m[92m   Compiling[0m regex-automata v0.4.18
2026-09-15T14:51:01.7013164Z [1m[92m   Compiling[0m smallvec v1.16.1
2026-09-15T14:51:01.8366852Z [1m[92m   Compiling[0m itoa v1.0.18
2026-09-15T14:51:02.0032617Z [1m[92m   Compiling[0m log v0.4.34
2026-09-15T14:51:02.1906961Z [1m[92m   Compiling[0m gumdrop_derive v0.8.1
2026-09-15T14:51:02.6296652Z [1m[92m   Compiling[0m iref v1.4.3
2026-09-15T14:51:02.7067630Z [1m[92m   Compiling[0m regex v1.13.1
2026-09-15T14:51:03.4886819Z [1m[92m   Compiling[0m cargo-platform v0.1.9
2026-09-15T14:51:03.7306648Z [1m[92m   Compiling[0m semver v1.0.28
2026-09-15T14:51:03.8426491Z [1m[92m   Compiling[0m atty v0.2.14
2026-09-15T14:51:03.8841214Z [1m[92m   Compiling[0m eieio v1.0.0
2026-09-15T14:51:03.9718553Z [1m[92m   Compiling[0m termcolor v1.4.1
2026-09-15T14:51:04.1107019Z [1m[92m   Compiling[0m os_str_bytes v2.4.0
2026-09-15T14:51:04.1687106Z [1m[92m   Compiling[0m percent-encoding v2.3.2
2026-09-15T14:51:04.1699165Z [1m[92m   Compiling[0m humantime v2.4.0
2026-09-15T14:51:04.2779222Z [1m[92m   Compiling[0m once_cell v1.21.4
2026-09-15T14:51:04.3267453Z [1m[92m   Compiling[0m env_logger v0.9.3
2026-09-15T14:51:04.4096513Z [1m[92m   Compiling[0m pathos v0.3.0
2026-09-15T14:51:04.4454137Z [1m[92m   Compiling[0m cargo_metadata v0.15.4
2026-09-15T14:51:04.9016585Z [1m[92m   Compiling[0m gumdrop v0.8.1
2026-09-15T14:51:05.0104612Z [1m[92m   Compiling[0m toml v0.5.11
2026-09-15T14:51:07.6768751Z [1m[92m   Compiling[0m cargo-xdk v2.12.6
2026-09-15T14:51:09.2803135Z [1m[92m    Finished[0m `release` profile [optimized] target(s) in 24.80s
2026-09-15T14:51:09.2886126Z [1m[92m  Installing[0m /home/runner/.cargo/bin/cargo-xdk
2026-09-15T14:51:09.2890896Z [1m[92m   Installed[0m package `cargo-xdk v2.12.6` (executable `cargo-xdk`)
2026-09-15T14:51:09.3264886Z ##[group]Run mkdir -p $ANDROID_HOME/cmdline-tools
2026-09-15T14:51:09.3265285Z [36;1mmkdir -p $ANDROID_HOME/cmdline-tools[0m
2026-09-15T14:51:09.3265447Z [36;1mcd /tmp[0m
2026-09-15T14:51:09.3265691Z [36;1mwget -q https://dl.google.com/android/repository/commandlinetools-linux-11076708_latest.zip[0m
2026-09-15T14:51:09.3266012Z [36;1munzip -q commandlinetools-linux-11076708_latest.zip[0m
2026-09-15T14:51:09.3266236Z [36;1mmv cmdline-tools $ANDROID_HOME/cmdline-tools/latest[0m
2026-09-15T14:51:09.3266466Z [36;1mecho "$ANDROID_HOME/cmdline-tools/latest/bin" >> $GITHUB_PATH[0m
2026-09-15T14:51:09.3266695Z [36;1mecho "$ANDROID_HOME/platform-tools" >> $GITHUB_PATH[0m
2026-09-15T14:51:09.3295605Z shell: /usr/bin/bash -e {0}
2026-09-15T14:51:09.3295748Z env:
2026-09-15T14:51:09.3295913Z   JAVA_HOME: /opt/hostedtoolcache/Java_Temurin-Hotspot_jdk/17.0.20-1/x64
2026-09-15T14:51:09.3296175Z   JAVA_HOME_17_X64: /opt/hostedtoolcache/Java_Temurin-Hotspot_jdk/17.0.20-1/x64
2026-09-15T14:51:09.3296417Z   MAVEN_ARGS: -ntp
2026-09-15T14:51:09.3296544Z   CARGO_HOME: /home/runner/.cargo
2026-09-15T14:51:09.3296687Z   CARGO_INCREMENTAL: 0
2026-09-15T14:51:09.3296810Z   CARGO_TERM_COLOR: always
2026-09-15T14:51:09.3296937Z ##[endgroup]
2026-09-15T14:51:10.8357121Z ##[group]Run yes | sdkmanager --licenses || true
2026-09-15T14:51:10.8357358Z [36;1myes | sdkmanager --licenses || true[0m
2026-09-15T14:51:10.8357541Z [36;1msdkmanager --install "ndk;25.2.9519653"[0m
2026-09-15T14:51:10.8437031Z shell: /usr/bin/bash -e {0}
2026-09-15T14:51:10.8437183Z env:
2026-09-15T14:51:10.8437364Z   JAVA_HOME: /opt/hostedtoolcache/Java_Temurin-Hotspot_jdk/17.0.20-1/x64
2026-09-15T14:51:10.8437643Z   JAVA_HOME_17_X64: /opt/hostedtoolcache/Java_Temurin-Hotspot_jdk/17.0.20-1/x64
2026-09-15T14:51:10.8437876Z   MAVEN_ARGS: -ntp
2026-09-15T14:51:10.8438010Z   CARGO_HOME: /home/runner/.cargo
2026-09-15T14:51:10.8438160Z   CARGO_INCREMENTAL: 0
2026-09-15T14:51:10.8438291Z   CARGO_TERM_COLOR: always
2026-09-15T14:51:10.8438426Z ##[endgroup]
2026-09-15T14:51:18.7000237Z Loading local repository...                                                     
2026-09-15T14:51:18.7000657Z [=========                              ] 25% Loading local repository...       
2026-09-15T14:51:20.9726797Z [=========                              ] 25% Fetch remote repository...        
2026-09-15T14:51:21.2936448Z [==========                             ] 26% Fetch remote repository...        
2026-09-15T14:51:21.2947575Z [============                           ] 31% Fetch remote repository...        
2026-09-15T14:51:21.3276804Z [============                           ] 32% Fetch remote repository...        
2026-09-15T14:51:21.3277729Z [=============                          ] 33% Fetch remote repository...        
2026-09-15T14:51:21.3408101Z [=============                          ] 35% Fetch remote repository...        
2026-09-15T14:51:21.3408973Z [==============                         ] 36% Fetch remote repository...        
2026-09-15T14:51:21.3596755Z [==============                         ] 37% Fetch remote repository...        
2026-09-15T14:51:21.3614061Z [===============                        ] 38% Fetch remote repository...        
2026-09-15T14:51:21.3704730Z [===============                        ] 39% Fetch remote repository...        
2026-09-15T14:51:21.3708562Z [================                       ] 40% Fetch remote repository...        
2026-09-15T14:51:21.3806955Z [================                       ] 41% Fetch remote repository...        
2026-09-15T14:51:21.3807803Z [================                       ] 42% Fetch remote repository...        
2026-09-15T14:51:21.3917824Z [=================                      ] 44% Fetch remote repository...        
2026-09-15T14:51:21.3919404Z [=================                      ] 45% Fetch remote repository...        
2026-09-15T14:51:21.4113550Z [==================                     ] 46% Fetch remote repository...        
2026-09-15T14:51:21.4130902Z [==================                     ] 47% Fetch remote repository...        
2026-09-15T14:51:21.4221046Z [===================                    ] 48% Fetch remote repository...        
2026-09-15T14:51:21.4230541Z [===================                    ] 49% Fetch remote repository...        
2026-09-15T14:51:21.4325790Z [====================                   ] 50% Fetch remote repository...        
2026-09-15T14:51:21.4326487Z [====================                   ] 51% Fetch remote repository...        
2026-09-15T14:51:21.4427366Z [====================                   ] 53% Fetch remote repository...        
2026-09-15T14:51:21.4428083Z [=====================                  ] 54% Fetch remote repository...        
2026-09-15T14:51:21.4522284Z [=====================                  ] 55% Fetch remote repository...        
2026-09-15T14:51:21.4525220Z [======================                 ] 56% Fetch remote repository...        
2026-09-15T14:51:21.4621890Z [======================                 ] 57% Fetch remote repository...        
2026-09-15T14:51:21.4623232Z [=======================                ] 58% Fetch remote repository...        
2026-09-15T14:51:21.4721988Z [=======================                ] 59% Fetch remote repository...        
2026-09-15T14:51:21.4725764Z [========================               ] 60% Fetch remote repository...        
2026-09-15T14:51:21.4806496Z [========================               ] 61% Fetch remote repository...        
2026-09-15T14:51:21.4823366Z [=========================              ] 63% Fetch remote repository...        
2026-09-15T14:51:21.5110436Z [=========================              ] 64% Fetch remote repository...        
2026-09-15T14:51:21.5114174Z [=========================              ] 65% Fetch remote repository...        
2026-09-15T14:51:21.5197192Z [==========================             ] 66% Fetch remote repository...        
2026-09-15T14:51:21.5199962Z [==========================             ] 67% Fetch remote repository...        
2026-09-15T14:51:21.5356473Z [===========================            ] 68% Fetch remote repository...        
2026-09-15T14:51:21.5364051Z [===========================            ] 69% Fetch remote repository...        
2026-09-15T14:51:21.5524178Z [============================           ] 70% Fetch remote repository...        
2026-09-15T14:51:21.5524876Z [============================           ] 72% Fetch remote repository...        
2026-09-15T14:51:21.5608114Z [=============================          ] 73% Fetch remote repository...        
2026-09-15T14:51:21.5611670Z [=============================          ] 74% Fetch remote repository...        
2026-09-15T14:51:21.5710246Z [=============================          ] 75% Fetch remote repository...        
2026-09-15T14:51:21.5803369Z [=============================          ] 75% Computing updates...              
2026-09-15T14:51:21.5808649Z [=======================================] 100% Computing updates...             
2026-09-15T14:51:21.6244917Z 6 of 7 SDK package licenses not accepted.
2026-09-15T14:51:21.6245524Z Review licenses that have not been accepted (y/N)? 
2026-09-15T14:51:21.6245940Z 1/6: License android-googletv-license:
2026-09-15T14:51:21.6246274Z ---------------------------------------
2026-09-15T14:51:21.6246566Z Terms and Conditions
2026-09-15T14:51:21.6246715Z 
2026-09-15T14:51:21.6246945Z This is the Google TV Add-on for the Android Software Development Kit License Agreement.
2026-09-15T14:51:21.6247293Z 
2026-09-15T14:51:21.6247390Z 1. Introduction
2026-09-15T14:51:21.6247508Z 
2026-09-15T14:51:21.6248722Z 1.1 The Google TV Add-on for the Android Software Development Kit (referred to in this License Agreement as the "Google TV Add-on" and specifically including the Android system files, packaged APIs, and Google APIs add-ons) is licensed to you subject to the terms of this License Agreement. This License Agreement forms a legally binding contract between you and Google in relation to your use of the Google TV Add-on.
2026-09-15T14:51:21.6250579Z 
2026-09-15T14:51:21.6251058Z 1.2 "Google" means Google Inc., a Delaware corporation with principal place of business at 1600 Amphitheatre Parkway, Mountain View, CA 94043, United States.
2026-09-15T14:51:21.6251581Z 
2026-09-15T14:51:21.6251693Z 2. Accepting this License Agreement
2026-09-15T14:51:21.6251876Z 
2026-09-15T14:51:21.6252347Z 2.1 In order to use the Google TV Add-on, you must first agree to this License Agreement. You may not use the Google TV Add-on if you do not accept this License Agreement.
2026-09-15T14:51:21.6252868Z 
2026-09-15T14:51:21.6253009Z 2.2 You can accept this License Agreement by:
2026-09-15T14:51:21.6253178Z 
2026-09-15T14:51:21.6253429Z (A) clicking to accept or agree to this License Agreement, where this option is made available to you; or
2026-09-15T14:51:21.6253769Z 
2026-09-15T14:51:21.6254248Z (B) by actually using the Google TV Add-on. In this case, you agree that use of the Google TV Add-on constitutes acceptance of the License Agreement from that point onwards.
2026-09-15T14:51:21.6254798Z 
2026-09-15T14:51:21.6255991Z 2.3 You may not use the Google TV Add-on and may not accept the Licensing Agreement if you are a person barred from receiving the Google TV Add-on under the laws of the United States or other countries including the country in which you are resident or from which you use the Google TV Add-on.
2026-09-15T14:51:21.6256886Z 
2026-09-15T14:51:21.6257940Z 2.4 If you are agreeing to be bound by this License Agreement on behalf of your employer or other entity, you represent and warrant that you have full legal authority to bind your employer or such entity to this License Agreement. If you do not have the requisite authority, you may not accept the Licensing Agreement or use the Google TV Add-on on behalf of your employer or other entity.
2026-09-15T14:51:21.6259111Z 
2026-09-15T14:51:21.6259222Z 3. Google TV Add-on License from Google
2026-09-15T14:51:21.6259407Z 
2026-09-15T14:51:21.6260098Z 3.1 Subject to the terms of this License Agreement, Google grants you a limited, worldwide, royalty-free, non- assignable and non-exclusive license to use the Google TV Add-on solely to develop applications to run on the Google TV platform.
2026-09-15T14:51:21.6260853Z 
2026-09-15T14:51:21.6262027Z 3.2 You agree that Google or third parties own all legal right, title and interest in and to the Google TV Add-on, including any Intellectual Property Rights that subsist in the Google TV Add-on. "Intellectual Property Rights" means any and all rights under patent law, copyright law, trade secret law, trademark law, and any and all other proprietary rights. Google reserves all rights not expressly granted to you.
2026-09-15T14:51:21.6263312Z 
2026-09-15T14:51:21.6267163Z 3.3 Except to the extent required by applicable third party licenses, you may not copy (except for backup purposes), modify, adapt, redistribute, decompile, reverse engineer, disassemble, or create derivative works of the Google TV Add-on or any part of the Google TV Add-on. Except to the extent required by applicable third party licenses, you may not load any part of the Google TV Add-on onto a mobile handset, television, or any other hardware device except a personal computer, combine any part of the Google TV Add-on with other software, or distribute any software or device incorporating a part of the Google TV Add-on.
2026-09-15T14:51:21.6269074Z 
2026-09-15T14:51:21.6269874Z 3.4 Use, reproduction and distribution of components of the Google TV Add-on licensed under an open source software license are governed solely by the terms of that open source software license and not this License Agreement.
2026-09-15T14:51:21.6270603Z 
2026-09-15T14:51:21.6271952Z 3.5 You agree that the form and nature of the Google TV Add-on that Google provides may change without prior notice to you and that future versions of the Google TV Add-on may be incompatible with applications developed on previous versions of the Google TV Add-on. You agree that Google may stop (permanently or temporarily) providing the Google TV Add-on (or any features within the Google TV Add-on) to you or to users generally at Google's sole discretion, without prior notice to you.
2026-09-15T14:51:21.6273645Z 
2026-09-15T14:51:21.6275281Z 3.6 Nothing in this License Agreement gives you a right to use any of Google's or it’s licensors’ trade names, trademarks, service marks, logos, domain names, or other distinctive brand features.
2026-09-15T14:51:21.6275956Z 
2026-09-15T14:51:21.6276509Z 3.7 You agree that you will not remove, obscure, or alter any proprietary rights notices (including copyright and trademark notices) that may be affixed to or contained within the Google TV Add-on.
2026-09-15T14:51:21.6277130Z 
2026-09-15T14:51:21.6277240Z 4. Use of the Google TV Add-on by You
2026-09-15T14:51:21.6277421Z 
2026-09-15T14:51:21.6278220Z 4.1 Google agrees that it obtains no right, title or interest from you (or your licensors) under this License Agreement in or to any software applications that you develop using the Google TV Add-on, including any intellectual property rights that subsist in those applications.
2026-09-15T14:51:21.6279095Z 
2026-09-15T14:51:21.6280369Z 4.2 You agree to use the Google TV Add-on and write applications only for purposes that are permitted by (a) this License Agreement and (b) any applicable law, regulation or generally accepted practices or guidelines in the relevant jurisdictions (including any laws regarding the export of data or software to and from the United States or other relevant countries).
2026-09-15T14:51:21.6281504Z 
2026-09-15T14:51:21.6283914Z 4.3 You agree that if you use the Google TV Add-on to develop applications for general public users, you will protect the privacy and legal rights of those users. If the users provide you with user names, passwords, or other login information or personal information, your must make the users aware that the information will be available to your application, and you must provide legally adequate privacy notice and protection for those users. If your application stores personal or sensitive information provided by users, it must do so securely. If the user provides your application with Google Account information, your application may only use that information to access the user's Google Account when, and for the limited purposes for which, the user has given you explicit permission to do so.
2026-09-15T14:51:21.6286581Z 
2026-09-15T14:51:21.6287799Z 4.4 You agree that you will not engage in any activity with the Google TV Add-on, including the development or distribution of an application, that interferes with, disrupts, damages, or accesses in an unauthorized manner the servers, networks, or other properties or services of any third party including, but not limited to, Google, Multichannel Video Program Distributors or any mobile communications carrier.
2026-09-15T14:51:21.6289122Z 
2026-09-15T14:51:21.6290243Z 4.5 You agree that you are solely responsible for (and that Google has no responsibility to you or to any third party for) any data, content, or resources that you create, transmit or display through the Google TV platform and/or applications for the Google TV platform, and for the consequences of your actions (including any loss or damage which Google may suffer) by doing so.
2026-09-15T14:51:21.6291411Z 
2026-09-15T14:51:21.6292564Z 4.6 You agree that you are solely responsible for (and that Google has no responsibility to you or to any third party for) any breach of your obligations under this License Agreement, any applicable third party contract or Terms of Service, or any applicable law or regulation, and for the consequences (including any loss or damage which Google or any third party may suffer) of any such breach.
2026-09-15T14:51:21.6293773Z 
2026-09-15T14:51:21.6293875Z 5. Your Developer Credentials
2026-09-15T14:51:21.6294212Z 
2026-09-15T14:51:21.6295346Z 5.1 You agree that you are responsible for maintaining the confidentiality of any developer credentials that may be issued to you by Google or which you may choose yourself and that you will be solely responsible for all applications that are developed under your developer credentials.
2026-09-15T14:51:21.6296253Z 
2026-09-15T14:51:21.6296349Z 6. Privacy and Information
2026-09-15T14:51:21.6296501Z 
2026-09-15T14:51:21.6298024Z 6.1 In order to continually innovate and improve the Google TV Add-on, Google may collect certain usage statistics from the software including but not limited to a unique identifier, associated IP address, version number of the software, and information on which tools and/or services in the Google TV Add-on are being used and how they are being used. Before any of this information is collected, the Google TV Add-on will notify you and seek your consent. If you withhold consent, the information will not be collected.
2026-09-15T14:51:21.6299602Z 
2026-09-15T14:51:21.6300025Z 6.2 The data collected is examined in the aggregate to improve the Google TV Add-on and is maintained in accordance with Google's Privacy Policy.
2026-09-15T14:51:21.6300511Z 
2026-09-15T14:51:21.6300657Z 7. Third Party Applications for the Google TV Platform
2026-09-15T14:51:21.6300882Z 
2026-09-15T14:51:21.6302848Z 7.1 If you use the Google TV Add-on to run applications developed by a third party or that access data, content or resources provided by a third party, you agree that Google is not responsible for those applications, data, content, or resources. You understand that all data, content or resources which you may access through such third party applications are the sole responsibility of the person from which they originated and that Google is not liable for any loss or damage that you may experience as a result of the use or access of any of those third party applications, data, content, or resources.
2026-09-15T14:51:21.6305260Z 
2026-09-15T14:51:21.6307040Z 7.2 You should be aware the data, content, and resources presented to you through such a third party application may be protected by intellectual property rights which are owned by the providers (or by other persons or companies on their behalf). You may not modify, rent, lease, loan, sell, distribute or create derivative works based on these data, content, or resources (either in whole or in part) unless you have been specifically given permission to do so by the relevant owners.
2026-09-15T14:51:21.6309050Z 
2026-09-15T14:51:21.6310332Z 7.3 You acknowledge that your use of such third party applications, data, content, or resources may be subject to separate terms between you and the relevant third party. In that case, this License Agreement does not affect your legal relationship with these third parties.
2026-09-15T14:51:21.6311579Z 
2026-09-15T14:51:21.6311693Z 8. Using Google TV APIs
2026-09-15T14:51:21.6311886Z 
2026-09-15T14:51:21.6315195Z 8.1 If you use any Google TV API to retrieve data from Google, you acknowledge that the data (“Google TV API Content”) may be protected by intellectual property rights which are owned by Google or those parties that provide the data (or by other persons or companies on their behalf). Your use of any such API may be subject to additional Terms of Service. You may not modify, rent, lease, loan, sell, distribute or create derivative works based on this data (either in whole or in part) unless allowed by the relevant Terms of Service. Some portions of the Google TV API Content are licensed to Google by third parties, including but not limited to Tribune Media Services
2026-09-15T14:51:21.6317453Z 
2026-09-15T14:51:21.6318274Z 8.2 If you use any API to retrieve a user's data from Google, you acknowledge and agree that you shall retrieve data only with the user's explicit consent and only when, and for the limited purposes for which, the user has given you permission to do so.
2026-09-15T14:51:21.6319115Z 
2026-09-15T14:51:21.6319400Z 8.3 Except as explicitly permitted in Section 3 (Google TV Add-on License from Google), you must:
2026-09-15T14:51:21.6319976Z 
2026-09-15T14:51:21.6320590Z (a) not modify nor format the Google TV API Content except to the extent reasonably and technically necessary to optimize the display such Google TV API Content in your application;
2026-09-15T14:51:21.6321197Z 
2026-09-15T14:51:21.6321800Z (b) not edit the Google TV API Content in a manner that renders the Google TV API Content inaccurate of alters its inherent meaning (provided that displaying excerpts will not violate the foregoing); or
2026-09-15T14:51:21.6322553Z 
2026-09-15T14:51:21.6322867Z (c) not create any commercial audience measurement tool or service using the Google TV API Content
2026-09-15T14:51:21.6323255Z 
2026-09-15T14:51:21.6323368Z 9. Terminating this License Agreement
2026-09-15T14:51:21.6323551Z 
2026-09-15T14:51:21.6323852Z 9.1 This License Agreement will continue to apply until terminated by either you or Google as set out below.
2026-09-15T14:51:21.6324240Z 
2026-09-15T14:51:21.6324676Z 9.2 If you want to terminate this License Agreement, you may do so by ceasing your use of the Google TV Add-on and any relevant developer credentials.
2026-09-15T14:51:21.6325380Z 
2026-09-15T14:51:21.6325574Z 9.3 Google may at any time, terminate this License Agreement with you if:
2026-09-15T14:51:21.6325850Z 
2026-09-15T14:51:21.6326012Z (A) you have breached any provision of this License Agreement; or
2026-09-15T14:51:21.6326261Z 
2026-09-15T14:51:21.6326538Z (B) Google is required to do so by law; or
2026-09-15T14:51:21.6326730Z 
2026-09-15T14:51:21.6327331Z (C) the partner with whom Google offered certain parts of Google TV Add-on (such as APIs) to you has terminated its relationship with Google or ceased to offer certain parts of the Google TV Add-on to you; or
2026-09-15T14:51:21.6328014Z 
2026-09-15T14:51:21.6329001Z (D) Google decides to no longer providing the Google TV Add-on or certain parts of the Google TV Add-on to users in the country in which you are resident or from which you use the service, or the provision of the Google TV Add-on or certain Google TV Add-on services to you by Google is, in Google's sole discretion, no longer commercially viable.
2026-09-15T14:51:21.6330133Z 
2026-09-15T14:51:21.6331419Z 9.4 When this License Agreement comes to an end, all of the legal rights, obligations and liabilities that you and Google have benefited from, been subject to (or which have accrued over time whilst this License Agreement has been in force) or which are expressed to continue indefinitely, shall be unaffected by this cessation, and the provisions of paragraph 14.7 shall continue to apply to such rights, obligations and liabilities indefinitely.
2026-09-15T14:51:21.6332782Z 
2026-09-15T14:51:21.6332916Z 10. DISCLAIMER OF WARRANTIES
2026-09-15T14:51:21.6333074Z 
2026-09-15T14:51:21.6333628Z 10.1 YOU EXPRESSLY UNDERSTAND AND AGREE THAT YOUR USE OF THE GOOGLE TV ADD-ON IS AT YOUR SOLE RISK AND THAT THE GOOGLE TV ADD-ON IS PROVIDED "AS IS" AND "AS AVAILABLE" WITHOUT WARRANTY OF ANY KIND FROM GOOGLE.
2026-09-15T14:51:21.6334266Z 
2026-09-15T14:51:21.6335227Z 10.2 YOUR USE OF THE GOOGLE TV ADD-ON AND ANY MATERIAL DOWNLOADED OR OTHERWISE OBTAINED THROUGH THE USE OF THE GOOGLE TV ADD-ON IS AT YOUR OWN DISCRETION AND RISK AND YOU ARE SOLELY RESPONSIBLE FOR ANY DAMAGE TO YOUR COMPUTER SYSTEM OR OTHER DEVICE OR LOSS OF DATA THAT RESULTS FROM SUCH USE.
2026-09-15T14:51:21.6336153Z 
2026-09-15T14:51:21.6336931Z 10.3 GOOGLE FURTHER EXPRESSLY DISCLAIMS ALL WARRANTIES AND CONDITIONS OF ANY KIND, WHETHER EXPRESS OR IMPLIED, INCLUDING, BUT NOT LIMITED TO THE IMPLIED WARRANTIES AND CONDITIONS OF MERCHANTABILITY, FITNESS FOR A PARTICULAR PURPOSE AND NON-INFRINGEMENT.
2026-09-15T14:51:21.6337804Z 
2026-09-15T14:51:21.6337917Z 11. LIMITATION OF LIABILITY
2026-09-15T14:51:21.6338081Z 
2026-09-15T14:51:21.6339409Z 11.1 YOU EXPRESSLY UNDERSTAND AND AGREE THAT GOOGLE, ITS SUBSIDIARIES AND AFFILIATES, AND ITS LICENSORS SHALL NOT BE LIABLE TO YOU UNDER ANY THEORY OF LIABILITY FOR ANY DIRECT, INDIRECT, INCIDENTAL, SPECIAL CONSEQUENTIAL OR EXEMPLARY DAMAGES THAT MAY BE INCURRED BY YOU, INCLUDING ANY LOSS OF DATA, WHETHER OR NOT GOOGLE OR ITS REPRESENTATIVES HAVE BEEN ADVISED OF OR SHOULD HAVE BEEN AWARE OF THE POSSIBILITY OF ANY SUCH LOSSES ARISING.
2026-09-15T14:51:21.6340980Z 
2026-09-15T14:51:21.6341076Z 12. Indemnification
2026-09-15T14:51:21.6341215Z 
2026-09-15T14:51:21.6343471Z 12.1 To the maximum extent permitted by law, you agree to defend, indemnify and hold harmless Google, its affiliates and their respective directors, officers, employees and agents from and against any and all claims, actions, suits or proceedings, as well as any and all losses, liabilities, damages, costs and expenses (including reasonable attorneys fees) arising out of or accruing from (a) your use of the Google TV Add-on, (b) any application you develop on the Google TV Add-on that infringes any copyright, trademark, trade secret, trade dress, patent or other intellectual property right of any person or defames any person or violates their rights of publicity or privacy, and (c) any non-compliance by you with this License Agreement.
2026-09-15T14:51:21.6345859Z 
2026-09-15T14:51:21.6345971Z 13. Changes to the License Agreement
2026-09-15T14:51:21.6346149Z 
2026-09-15T14:51:21.6346447Z 13.1 Google may make changes to the License Agreement as it distributes new versions of the Google TV Add-on.
2026-09-15T14:51:21.6347069Z 
2026-09-15T14:51:21.6347163Z 14. General Legal Terms
2026-09-15T14:51:21.6347300Z 
2026-09-15T14:51:21.6348444Z 14.1 This License Agreement constitute the whole legal agreement between you and Google and govern your use of the Google TV Add-on (excluding any services which Google may provide to you under a separate written agreement), and completely replace any prior agreements between you and Google in relation to the Google TV Add-on.
2026-09-15T14:51:21.6349498Z 
2026-09-15T14:51:21.6350418Z 14.2 You agree that if Google does not exercise or enforce any legal right or remedy which is contained in this License Agreement (or which Google has the benefit of under any applicable law), this will not be taken to be a formal waiver of Google's rights and that those rights or remedies will still be available to Google.
2026-09-15T14:51:21.6351413Z 
2026-09-15T14:51:21.6352433Z 14.3 If any court of law, having the jurisdiction to decide on this matter, rules that any provision of this License Agreement is invalid, then that provision will be removed from this License Agreement without affecting the rest of this License Agreement. The remaining provisions of this License Agreement will continue to be valid and enforceable.
2026-09-15T14:51:21.6353550Z 
2026-09-15T14:51:21.6355569Z 14.4 You acknowledge and agree that Google’s API data licensors and each member of the group of companies of which Google is the parent shall be third party beneficiaries to this License Agreement and that such other companies shall be entitled to directly enforce, and rely upon, any provision of this License Agreement that confers a benefit on (or rights in favor of) them. Other than this, no other person or company shall be third party beneficiaries to this License Agreement.
2026-09-15T14:51:21.6357194Z 
2026-09-15T14:51:21.6358061Z 14.5 EXPORT RESTRICTIONS. THE GOOGLE TV ADD-ON IS SUBJECT TO UNITED STATES EXPORT LAWS AND REGULATIONS. YOU MUST COMPLY WITH ALL DOMESTIC AND INTERNATIONAL EXPORT LAWS AND REGULATIONS THAT APPLY TO THE GOOGLE TV ADD-ON. THESE LAWS INCLUDE RESTRICTIONS ON DESTINATIONS, END USERS AND END USE.
2026-09-15T14:51:21.6359010Z 
2026-09-15T14:51:21.6360024Z 14.6 The rights granted in this License Agreement may not be assigned or transferred by either you or Google without the prior written approval of the other party. Neither you nor Google shall be permitted to delegate their responsibilities or obligations under this License Agreement without the prior written approval of the other party.
2026-09-15T14:51:21.6361106Z 
2026-09-15T14:51:21.6362726Z 14.7 This License Agreement, and your relationship with Google under this License Agreement, shall be governed by the laws of the State of California without regard to its conflict of laws provisions. You and Google agree to submit to the exclusive jurisdiction of the courts located within the county of Santa Clara, California to resolve any legal matter arising from this License Agreement. Notwithstanding this, you agree that Google shall still be allowed to apply for injunctive remedies (or an equivalent type of urgent legal relief) in any jurisdiction.
2026-09-15T14:51:21.6364637Z 
2026-09-15T14:51:21.6364647Z 
2026-09-15T14:51:21.6364750Z August 15, 2011
2026-09-15T14:51:21.6365292Z ---------------------------------------
2026-09-15T14:51:21.6366099Z Accept? (y/N): 
2026-09-15T14:51:21.6387357Z 2/6: License android-googlexr-license:
2026-09-15T14:51:21.6387651Z ---------------------------------------
2026-09-15T14:51:21.6388515Z To get started with the Android XR Emulator System Image SDK, you must agree to the following terms and conditions. As described below, please note that this is a preview, emulated version of the Android XR OS, subject to change, that you use at your own risk.
2026-09-15T14:51:21.6389779Z 
2026-09-15T14:51:21.6389960Z This is the Android XR Emulator System Image SDK License Agreement
2026-09-15T14:51:21.6390200Z 
2026-09-15T14:51:21.6390282Z 1. Introduction
2026-09-15T14:51:21.6390398Z 
2026-09-15T14:51:21.6391887Z 1.1 The Android Android XR Emulator System Image SDK (referred to in the License Agreement as the "SDK" and specifically including the Android system files,, packaged APIs, library files (if and when they are made available), and Google applications and APIs add-ons) is licensed to you subject to the terms of the License Agreement. The License Agreement forms a legally binding contract between you and Google in relation to your use of the SDK.
2026-09-15T14:51:21.6393246Z 
2026-09-15T14:51:21.6393859Z 1.2 "Android" means the Android software stack for devices, as made available under the Android Open Source Project, which is located at the following URL: https://source.android.com/, as updated from time to time.
2026-09-15T14:51:21.6394564Z 
2026-09-15T14:51:21.6395421Z 1.3 "Google" means Google LLC, organized under the laws of the State of Delaware, USA, and operating under the laws of the USA with principal place of business at 1600 Amphitheatre Parkway, Mountain View, CA 94043, USA.
2026-09-15T14:51:21.6396094Z 
2026-09-15T14:51:21.6396202Z 2. Accepting this License Agreement
2026-09-15T14:51:21.6396373Z 
2026-09-15T14:51:21.6396753Z 2.1 In order to use the SDK, you must first agree to the License Agreement. You may not use the SDK if you do not accept the License Agreement.
2026-09-15T14:51:21.6397206Z 
2026-09-15T14:51:21.6397463Z 2.2 By clicking to accept and/or using this SDK, you hereby agree to the terms of the License Agreement.
2026-09-15T14:51:21.6397808Z 
2026-09-15T14:51:21.6398509Z 2.3 You may not use the SDK and may not accept the License Agreement if you are a person barred from receiving the SDK under the laws of the United States or other countries, including the country in which you are resident or from which you use the SDK.
2026-09-15T14:51:21.6399295Z 
2026-09-15T14:51:21.6400318Z 2.4 If you are agreeing to be bound by the License Agreement on behalf of your employer or other entity, you represent and warrant that you have full legal authority to bind your employer or such entity to the License Agreement. If you do not have the requisite authority, you may not accept the License Agreement or use the SDK on behalf of your employer or other entity.
2026-09-15T14:51:21.6401437Z 
2026-09-15T14:51:21.6401538Z 3. SDK License from Google
2026-09-15T14:51:21.6401686Z 
2026-09-15T14:51:21.6402350Z 3.1 Subject to the terms of the License Agreement, Google grants you a limited, worldwide, royalty-free, non-assignable, non-exclusive, and non-sublicensable license to use the SDK solely to develop applications for Android XR.
2026-09-15T14:51:21.6403100Z 
2026-09-15T14:51:21.6403726Z 3.2 You may not use this SDK to develop applications for other platforms or to develop another SDK. You are of course free to develop applications for other platforms provided that this SDK is not used for that purpose.
2026-09-15T14:51:21.6404626Z 
2026-09-15T14:51:21.6409470Z 3.3 You agree that Google or third parties own all legal right, title and interest in and to the SDK, including any Intellectual Property Rights that subsist in the SDK. "Intellectual Property Rights" means any and all rights under patent law, copyright law, trade secret law, trademark law, and any and all other proprietary rights. Google reserves all rights not expressly granted to you.
2026-09-15T14:51:21.6410705Z 
2026-09-15T14:51:21.6412374Z 3.4 You may not use the SDK for any purpose not expressly permitted by the License Agreement. Except to the extent required by applicable third party licenses, you may not (a) copy (except for backup purposes), modify, adapt, redistribute, decompile, reverse engineer, disassemble, or create derivative works of the SDK or any part of the SDK; or (b) load any part of the SDK onto a mobile handset or any other hardware device except a personal computer, combine any part of the SDK with other software, or distribute any software or device incorporating a part of the SDK.
2026-09-15T14:51:21.6414104Z 
2026-09-15T14:51:21.6415745Z 3.5 Use, reproduction and distribution of components of the SDK licensed under an open source software license are governed solely by the terms of that open source software license and not the License Agreement. You agree to remain a licensee in good standing in regard to such open source software licenses under all the rights granted and to refrain from any actions that may terminate, suspend, or breach such rights.
2026-09-15T14:51:21.6417046Z 
2026-09-15T14:51:21.6418271Z 3.6 You agree that the form and nature of the SDK that Google provides may change without prior notice to you and that future versions of the SDK may be incompatible with applications developed on previous versions of the SDK. You agree that Google may stop (permanently or temporarily) providing the SDK (or any features within the SDK) to you or to users generally at Google's sole discretion, without prior notice to you.
2026-09-15T14:51:21.6419551Z 
2026-09-15T14:51:21.6420038Z 3.7 Nothing in the License Agreement gives you a right to use any of Google's trade names, trademarks, service marks, logos, domain names, or other distinctive brand features.
2026-09-15T14:51:21.6420601Z 
2026-09-15T14:51:21.6421126Z 3.8 You agree that you will not remove, obscure, or alter any proprietary rights notices (including copyright and trademark notices) that may be affixed to or contained within the SDK.
2026-09-15T14:51:21.6421723Z 
2026-09-15T14:51:21.6421823Z 4. Use of the SDK by You
2026-09-15T14:51:21.6421967Z 
2026-09-15T14:51:21.6422733Z 4.1 Google agrees that it obtains no right, title or interest from you (or your licensors) under the License Agreement in or to any software applications that you develop using the SDK, including any intellectual property rights that subsist in those applications.
2026-09-15T14:51:21.6423575Z 
2026-09-15T14:51:21.6424599Z 4.2 You agree to use the SDK and write applications only for purposes that are permitted by (a) the License Agreement and (b) any applicable law, regulation or generally accepted practices or guidelines in the relevant jurisdictions (including any laws regarding the export of data or software to and from the United States or other relevant countries).
2026-09-15T14:51:21.6425951Z 
2026-09-15T14:51:21.6428269Z 4.3 You agree that if you use the SDK to develop applications for general public users, you will protect the privacy and legal rights of those users. If the users provide you with user names, passwords, or other login information or personal information, you must make the users aware that the information will be available to your application, and you must provide legally adequate privacy notice and protection for those users. If your application stores personal or sensitive information provided by users, it must do so securely. If the user provides your application with Google Account information, your application may only use that information to access the user's Google Account when, and for the limited purposes for which, the user has given you permission to do so.
2026-09-15T14:51:21.6430837Z 
2026-09-15T14:51:21.6431882Z 4.4 You agree that you will not engage in any activity with the SDK, including the development or distribution of an application, that interferes with, disrupts, damages, or accesses in an unauthorized manner the servers, networks, or other properties or services of any third party including, but not limited to, Google or any mobile communications carrier.
2026-09-15T14:51:21.6433003Z 
2026-09-15T14:51:21.6433986Z 4.5 You agree that you are solely responsible for (and that Google has no responsibility to you or to any third party for) any data, content, or resources that you create, transmit or display through Android and/or applications for Android, and for the consequences of your actions (including any loss or damage which Google may suffer) by doing so.
2026-09-15T14:51:21.6435800Z 
2026-09-15T14:51:21.6436971Z 4.6 You agree that you are solely responsible for (and that Google has no responsibility to you or to any third party for) any breach of your obligations under the License Agreement, any applicable third party contract or Terms of Service, or any applicable law or regulation, and for the consequences (including any loss or damage which Google or any third party may suffer) of any such breach.
2026-09-15T14:51:21.6438329Z 
2026-09-15T14:51:21.6438825Z 4.7 The SDK is in development, and your testing and feedback are an important part of the development process. By using the SDK, you acknowledge that implementation of some features are still under development and that you should not rely on the SDK having the full functionality of a stable release.
2026-09-15T14:51:21.6439354Z 
2026-09-15T14:51:21.6439421Z 5. Your Developer Credentials
2026-09-15T14:51:21.6439520Z 
2026-09-15T14:51:21.6439985Z 5.1 You agree that you are responsible for maintaining the confidentiality of any developer credentials that may be issued to you by Google or which you may choose yourself and that you will be solely responsible for all applications that are developed under your developer credentials.
2026-09-15T14:51:21.6440503Z 
2026-09-15T14:51:21.6440564Z 6. Privacy and Information
2026-09-15T14:51:21.6440656Z 
2026-09-15T14:51:21.6441449Z 6.1 In order to continually innovate and improve the SDK, Google may collect certain usage statistics from the software including but not limited to a unique identifier, associated IP address, version number of the software, and information on which tools and/or services in the SDK are being used and how they are being used. Before any of this information is collected, the SDK will notify you and seek your consent. If you withhold consent, the information will not be collected.
2026-09-15T14:51:21.6442273Z 
2026-09-15T14:51:21.6442624Z 6.2 The data collected is examined in the aggregate to improve the SDK and is maintained in accordance with Google's Privacy Policy, which is located at the following URL: https://policies.google.com/privacy
2026-09-15T14:51:21.6443009Z 
2026-09-15T14:51:21.6443169Z 6.3 Anonymized and aggregated sets of the data may be shared with Google partners to improve the SDK.
2026-09-15T14:51:21.6443375Z 
2026-09-15T14:51:21.6443436Z 7. Third Party Applications
2026-09-15T14:51:21.6443533Z 
2026-09-15T14:51:21.6444508Z 7.1 If you use the SDK to run applications developed by a third party or that access data, content or resources provided by a third party, you agree that Google is not responsible for those applications, data, content, or resources. You understand that all data, content or resources which you may access through such third party applications are the sole responsibility of the person from which they originated and that Google is not liable for any loss or damage that you may experience as a result of the use or access of any of those third party applications, data, content, or resources.
2026-09-15T14:51:21.6445751Z 
2026-09-15T14:51:21.6446555Z 7.2 You should be aware that the data, content, and resources presented to you through such a third party application may be protected by intellectual property rights which are owned by the providers (or by other persons or companies on their behalf). You may not modify, rent, lease, loan, sell, distribute or create derivative works based on these data, content, or resources (either in whole or in part) unless you have been specifically given permission to do so by the relevant owners.
2026-09-15T14:51:21.6447617Z 
2026-09-15T14:51:21.6448067Z 7.3 You acknowledge that your use of such third party applications, data, content, or resources may be subject to separate terms between you and the relevant third party. In that case, the License Agreement does not affect your legal relationship with these third parties.
2026-09-15T14:51:21.6448555Z 
2026-09-15T14:51:21.6448610Z 8. Using Android APIs
2026-09-15T14:51:21.6448692Z 
2026-09-15T14:51:21.6448751Z 8.1 Google Data APIs
2026-09-15T14:51:21.6448831Z 
2026-09-15T14:51:21.6449740Z 8.1.1 If you use any API to retrieve data from Google, you acknowledge that the data may be protected by intellectual property rights which are owned by Google or those parties that provide the data (or by other persons or companies on their behalf). Your use of any such API may be subject to additional Terms of Service. You may not modify, rent, lease, loan, sell, distribute or create derivative works based on this data (either in whole or in part) unless allowed by the relevant Terms of Service.
2026-09-15T14:51:21.6450597Z 
2026-09-15T14:51:21.6452021Z 8.1.2 If you use any API to retrieve a user's data from Google, you acknowledge and agree that you shall retrieve data only with the user's explicit consent and only when, and for the limited purposes for which, the user has given you permission to do so. If you use the Android Recognition Service API, documented at the following URL: https://developer.android.com/reference/android/speech/RecognitionService, as updated from time to time, you acknowledge that the use of the API is subject to the Data Processing Addendum for Products where Google is a Data Processor, which is located at the following URL: https://privacy.google.com/businesses/gdprprocessorterms/, as updated from time to time. By clicking to accept, you hereby agree to the terms of the Data Processing Addendum for Products where Google is a Data Processor.
2026-09-15T14:51:21.6453459Z 
2026-09-15T14:51:21.6453530Z 9. Terminating this License Agreement
2026-09-15T14:51:21.6453641Z 
2026-09-15T14:51:21.6453815Z 9.1 The License Agreement will continue to apply until terminated by either you or Google as set out below.
2026-09-15T14:51:21.6454031Z 
2026-09-15T14:51:21.6454235Z 9.2 If you want to terminate the License Agreement, you may do so by ceasing your use of the SDK and any relevant developer credentials.
2026-09-15T14:51:21.6454487Z 
2026-09-15T14:51:21.6455668Z 9.3 Google may at any time, terminate the License Agreement with you if: (A) you have breached any provision of the License Agreement; or (B) Google is required to do so by law; or (C) the partner with whom Google offered certain parts of SDK (such as APIs) to you has terminated its relationship with Google or ceased to offer certain parts of the SDK to you; or (D) Google decides to no longer provide the SDK or certain parts of the SDK to users in the country in which you are resident or from which you use the service, or the provision of the SDK or certain SDK services to you by Google is, in Google's sole discretion, no longer commercially viable.
2026-09-15T14:51:21.6456755Z 
2026-09-15T14:51:21.6457485Z 9.4 When the License Agreement comes to an end, all of the legal rights, obligations and liabilities that you and Google have benefited from, been subject to (or which have accrued over time whilst the License Agreement has been in force) or which are expressed to continue indefinitely, shall be unaffected by this cessation, and the provisions of paragraph 14.7 shall continue to apply to such rights, obligations and liabilities indefinitely.
2026-09-15T14:51:21.6458342Z 
2026-09-15T14:51:21.6458401Z 10. DISCLAIMER OF WARRANTIES
2026-09-15T14:51:21.6458500Z 
2026-09-15T14:51:21.6458782Z 10.1 YOU EXPRESSLY UNDERSTAND AND AGREE THAT YOUR USE OF THE SDK IS AT YOUR SOLE RISK AND THAT THE SDK IS PROVIDED "AS IS" AND "AS AVAILABLE" WITHOUT WARRANTY OF ANY KIND FROM GOOGLE.
2026-09-15T14:51:21.6459111Z 
2026-09-15T14:51:21.6459536Z 10.2 YOUR USE OF THE SDK AND ANY MATERIAL DOWNLOADED OR OTHERWISE OBTAINED THROUGH THE USE OF THE SDK IS AT YOUR OWN DISCRETION AND RISK AND YOU ARE SOLELY RESPONSIBLE FOR ANY DAMAGE TO YOUR COMPUTER SYSTEM OR OTHER DEVICE OR LOSS OF DATA THAT RESULTS FROM SUCH USE.
2026-09-15T14:51:21.6460008Z 
2026-09-15T14:51:21.6460434Z 10.3 GOOGLE FURTHER EXPRESSLY DISCLAIMS ALL WARRANTIES AND CONDITIONS OF ANY KIND, WHETHER EXPRESS OR IMPLIED, INCLUDING, BUT NOT LIMITED TO THE IMPLIED WARRANTIES AND CONDITIONS OF MERCHANTABILITY, FITNESS FOR A PARTICULAR PURPOSE AND NON-INFRINGEMENT.
2026-09-15T14:51:21.6460908Z 
2026-09-15T14:51:21.6460965Z 11. LIMITATION OF LIABILITY
2026-09-15T14:51:21.6461058Z 
2026-09-15T14:51:21.6461870Z 11.1 YOU EXPRESSLY UNDERSTAND AND AGREE THAT GOOGLE, ITS SUBSIDIARIES AND AFFILIATES, AND ITS LICENSORS SHALL NOT BE LIABLE TO YOU UNDER ANY THEORY OF LIABILITY FOR ANY DIRECT, INDIRECT, INCIDENTAL, SPECIAL, CONSEQUENTIAL OR EXEMPLARY DAMAGES THAT MAY BE INCURRED BY YOU, INCLUDING ANY LOSS OF DATA, WHETHER OR NOT GOOGLE OR ITS REPRESENTATIVES HAVE BEEN ADVISED OF OR SHOULD HAVE BEEN AWARE OF THE POSSIBILITY OF ANY SUCH LOSSES ARISING.
2026-09-15T14:51:21.6462628Z 
2026-09-15T14:51:21.6462683Z 12. Indemnification
2026-09-15T14:51:21.6462758Z 
2026-09-15T14:51:21.6463950Z 12.1 To the maximum extent permitted by law, you agree to defend, indemnify and hold harmless Google, its affiliates and their respective directors, officers, employees and agents from and against any and all claims, actions, suits or proceedings, as well as any and all losses, liabilities, damages, costs and expenses (including reasonable attorneys fees) arising out of or accruing from (a) your use of the SDK, (b) any application you develop on the SDK that infringes any copyright, trademark, trade secret, trade dress, patent or other intellectual property right of any person or defames any person or violates their rights of publicity or privacy, and (c) any non-compliance by you with the License Agreement.
2026-09-15T14:51:21.6465371Z 
2026-09-15T14:51:21.6465437Z 13. Changes to the License Agreement
2026-09-15T14:51:21.6465542Z 
2026-09-15T14:51:21.6465922Z 13.1 Google may make changes to the License Agreement as it distributes new versions of the SDK. When these changes are made, Google will make a new version of the License Agreement available on the website where the SDK is made available.
2026-09-15T14:51:21.6466346Z 
2026-09-15T14:51:21.6466401Z 14. General Legal Terms
2026-09-15T14:51:21.6466484Z 
2026-09-15T14:51:21.6466982Z 14.1 The License Agreement constitutes the whole legal agreement between you and Google and governs your use of the SDK (excluding any services which Google may provide to you under a separate written agreement), and completely replaces any prior agreements between you and Google in relation to the SDK.
2026-09-15T14:51:21.6467526Z 
2026-09-15T14:51:21.6468044Z 14.2 You agree that if Google does not exercise or enforce any legal right or remedy which is contained in the License Agreement (or which Google has the benefit of under any applicable law), this will not be taken to be a formal waiver of Google's rights and that those rights or remedies will still be available to Google.
2026-09-15T14:51:21.6468600Z 
2026-09-15T14:51:21.6469157Z 14.3 If any court of law, having the jurisdiction to decide on this matter, rules that any provision of the License Agreement is invalid, then that provision will be removed from the License Agreement without affecting the rest of the License Agreement. The remaining provisions of the License Agreement will continue to be valid and enforceable.
2026-09-15T14:51:21.6469848Z 
2026-09-15T14:51:21.6470577Z 14.4 You acknowledge and agree that each member of the group of companies of which Google is the parent shall be third party beneficiaries to the License Agreement and that such other companies shall be entitled to directly enforce, and rely upon, any provision of the License Agreement that confers a benefit on (or rights in favor of) them. Other than this, no other person or company shall be third party beneficiaries to the License Agreement.
2026-09-15T14:51:21.6471340Z 
2026-09-15T14:51:21.6471773Z 14.5 EXPORT RESTRICTIONS. THE SDK IS SUBJECT TO UNITED STATES EXPORT LAWS AND REGULATIONS. YOU MUST COMPLY WITH ALL DOMESTIC AND INTERNATIONAL EXPORT LAWS AND REGULATIONS THAT APPLY TO THE SDK. THESE LAWS INCLUDE RESTRICTIONS ON DESTINATIONS, END USERS AND END USE.
2026-09-15T14:51:21.6472251Z 
2026-09-15T14:51:21.6472810Z 14.6 The rights granted in the License Agreement may not be assigned or transferred by either you or Google without the prior written approval of the other party. Neither you nor Google shall be permitted to delegate their responsibilities or obligations under the License Agreement without the prior written approval of the other party.
2026-09-15T14:51:21.6473412Z 
2026-09-15T14:51:21.6474420Z 14.7 The License Agreement, and your relationship with Google under the License Agreement, shall be governed by the laws of the State of California without regard to its conflict of laws provisions. You and Google agree to submit to the exclusive jurisdiction of the courts located within the county of Santa Clara, California to resolve any legal matter arising from the License Agreement. Notwithstanding this, you agree that Google shall still be allowed to apply for injunctive remedies (or an equivalent type of urgent legal relief) in any jurisdiction.
2026-09-15T14:51:21.6475687Z ---------------------------------------
2026-09-15T14:51:21.6475849Z Accept? (y/N): 
2026-09-15T14:51:21.6475990Z 3/6: License android-sdk-arm-dbt-license:
2026-09-15T14:51:21.6476162Z ---------------------------------------
2026-09-15T14:51:21.6476314Z Terms and Conditions
2026-09-15T14:51:21.6476393Z 
2026-09-15T14:51:21.6476494Z This is the Android Software Development Kit License Agreement
2026-09-15T14:51:21.6476639Z 
2026-09-15T14:51:21.6476691Z 1. Introduction
2026-09-15T14:51:21.6476761Z 
2026-09-15T14:51:21.6477359Z 1.1 The Android Software Development Kit (referred to in the License Agreement as the "SDK" and specifically including the Android system files, packaged APIs, and Google APIs add-ons) is licensed to you subject to the terms of the License Agreement. The License Agreement forms a legally binding contract between you and Google in relation to your use of the SDK.
2026-09-15T14:51:21.6477995Z 
2026-09-15T14:51:21.6478346Z 1.2 "Android" means the Android software stack for devices, as made available under the Android Open Source Project, which is located at the following URL: http://source.android.com/, as updated from time to time.
2026-09-15T14:51:21.6478737Z 
2026-09-15T14:51:21.6479315Z 1.3 A "compatible implementation" means any Android device that (i) complies with the Android Compatibility Definition document, which can be found at the Android compatibility website (http://source.android.com/compatibility) and which may be updated from time to time; and (ii) successfully passes the Android Compatibility Test Suite (CTS).
2026-09-15T14:51:21.6479933Z 
2026-09-15T14:51:21.6480188Z 1.4 "Google" means Google Inc., a Delaware corporation with principal place of business at 1600 Amphitheatre Parkway, Mountain View, CA 94043, United States.
2026-09-15T14:51:21.6480487Z 
2026-09-15T14:51:21.6480491Z 
2026-09-15T14:51:21.6480555Z 2. Accepting the License Agreement
2026-09-15T14:51:21.6480655Z 
2026-09-15T14:51:21.6480872Z 2.1 In order to use the SDK, you must first agree to the License Agreement. You may not use the SDK if you do not accept the License Agreement.
2026-09-15T14:51:21.6481133Z 
2026-09-15T14:51:21.6481356Z 2.2 By clicking to accept, you hereby agree to the terms of the License Agreement.
2026-09-15T14:51:21.6481525Z 
2026-09-15T14:51:21.6481925Z 2.3 You may not use the SDK and may not accept the License Agreement if you are a person barred from receiving the SDK under the laws of the United States or other countries, including the country in which you are resident or from which you use the SDK.
2026-09-15T14:51:21.6482368Z 
2026-09-15T14:51:21.6482959Z 2.4 If you are agreeing to be bound by the License Agreement on behalf of your employer or other entity, you represent and warrant that you have full legal authority to bind your employer or such entity to the License Agreement. If you do not have the requisite authority, you may not accept the License Agreement or use the SDK on behalf of your employer or other entity.
2026-09-15T14:51:21.6483591Z 
2026-09-15T14:51:21.6483594Z 
2026-09-15T14:51:21.6483650Z 3. SDK License from Google
2026-09-15T14:51:21.6483739Z 
2026-09-15T14:51:21.6484166Z 3.1 Subject to the terms of the License Agreement, Google grants you a limited, worldwide, royalty-free, non-assignable, non-exclusive, and non-sublicensable license to use the SDK solely to develop applications for compatible implementations of Android.
2026-09-15T14:51:21.6484667Z 
2026-09-15T14:51:21.6485469Z 3.2 You may not use this SDK to develop applications for other platforms (including non-compatible implementations of Android) or to develop another SDK. You are of course free to develop applications for other platforms, including non-compatible implementations of Android, provided that this SDK is not used for that purpose.
2026-09-15T14:51:21.6486054Z 
2026-09-15T14:51:21.6486696Z 3.3 You agree that Google or third parties own all legal right, title and interest in and to the SDK, including any Intellectual Property Rights that subsist in the SDK. "Intellectual Property Rights" means any and all rights under patent law, copyright law, trade secret law, trademark law, and any and all other proprietary rights. Google reserves all rights not expressly granted to you.
2026-09-15T14:51:21.6487388Z 
2026-09-15T14:51:21.6487946Z 3.4 You may not use the SDK for any purpose not expressly permitted by the License Agreement. Except to the extent required by applicable third party licenses, you may not copy (except for backup purposes), modify, adapt, redistribute, decompile, reverse engineer, disassemble, or create derivative works of the SDK or any part of the SDK.
2026-09-15T14:51:21.6488551Z 
2026-09-15T14:51:21.6488891Z 3.5 Use, reproduction and distribution of components of the SDK licensed under an open source software license are governed solely by the terms of that open source software license and not the License Agreement.
2026-09-15T14:51:21.6489272Z 
2026-09-15T14:51:21.6489955Z 3.6 You agree that the form and nature of the SDK that Google provides may change without prior notice to you and that future versions of the SDK may be incompatible with applications developed on previous versions of the SDK. You agree that Google may stop (permanently or temporarily) providing the SDK (or any features within the SDK) to you or to users generally at Google's sole discretion, without prior notice to you.
2026-09-15T14:51:21.6490686Z 
2026-09-15T14:51:21.6490964Z 3.7 Nothing in the License Agreement gives you a right to use any of Google's trade names, trademarks, service marks, logos, domain names, or other distinctive brand features.
2026-09-15T14:51:21.6491284Z 
2026-09-15T14:51:21.6491584Z 3.8 You agree that you will not remove, obscure, or alter any proprietary rights notices (including copyright and trademark notices) that may be affixed to or contained within the SDK.
2026-09-15T14:51:21.6491927Z 
2026-09-15T14:51:21.6491929Z 
2026-09-15T14:51:21.6491986Z 4. Use of the SDK by You
2026-09-15T14:51:21.6492072Z 
2026-09-15T14:51:21.6492497Z 4.1 Google agrees that it obtains no right, title or interest from you (or your licensors) under the License Agreement in or to any software applications that you develop using the SDK, including any intellectual property rights that subsist in those applications.
2026-09-15T14:51:21.6493044Z 
2026-09-15T14:51:21.6493616Z 4.2 You agree to use the SDK and write applications only for purposes that are permitted by (a) the License Agreement and (b) any applicable law, regulation or generally accepted practices or guidelines in the relevant jurisdictions (including any laws regarding the export of data or software to and from the United States or other relevant countries).
2026-09-15T14:51:21.6494231Z 
2026-09-15T14:51:21.6495699Z 4.3 You agree that if you use the SDK to develop applications for general public users, you will protect the privacy and legal rights of those users. If the users provide you with user names, passwords, or other login information or personal information, you must make the users aware that the information will be available to your application, and you must provide legally adequate privacy notice and protection for those users. If your application stores personal or sensitive information provided by users, it must do so securely. If the user provides your application with Google Account information, your application may only use that information to access the user's Google Account when, and for the limited purposes for which, the user has given you permission to do so.
2026-09-15T14:51:21.6497029Z 
2026-09-15T14:51:21.6497692Z 4.4 You agree that you will not engage in any activity with the SDK, including the development or distribution of an application, that interferes with, disrupts, damages, or accesses in an unauthorized manner the servers, networks, or other properties or services of any third party including, but not limited to, Google or any mobile communications carrier.
2026-09-15T14:51:21.6498315Z 
2026-09-15T14:51:21.6498872Z 4.5 You agree that you are solely responsible for (and that Google has no responsibility to you or to any third party for) any data, content, or resources that you create, transmit or display through Android and/or applications for Android, and for the consequences of your actions (including any loss or damage which Google may suffer) by doing so.
2026-09-15T14:51:21.6499477Z 
2026-09-15T14:51:21.6500123Z 4.6 You agree that you are solely responsible for (and that Google has no responsibility to you or to any third party for) any breach of your obligations under the License Agreement, any applicable third party contract or Terms of Service, or any applicable law or regulation, and for the consequences (including any loss or damage which Google or any third party may suffer) of any such breach.
2026-09-15T14:51:21.6500804Z 
2026-09-15T14:51:21.6501823Z 4.7 This software enables the execution of intellectual property owned by Arm Limited. You agree that your use of the software, that allows execution of ARM Instruction Set Architecture (“ISA”) compliant executables for application development and debug only on x86 desktop, laptop, customer on-premise servers, and customer-procured cloud-based environments.
2026-09-15T14:51:21.6502478Z 
2026-09-15T14:51:21.6502548Z 5. Your Developer Credentials
2026-09-15T14:51:21.6502646Z 
2026-09-15T14:51:21.6503113Z 5.1 You agree that you are responsible for maintaining the confidentiality of any developer credentials that may be issued to you by Google or which you may choose yourself and that you will be solely responsible for all applications that are developed under your developer credentials.
2026-09-15T14:51:21.6503632Z 
2026-09-15T14:51:21.6503689Z 6. Privacy and Information
2026-09-15T14:51:21.6503780Z 
2026-09-15T14:51:21.6504580Z 6.1 In order to continually innovate and improve the SDK, Google may collect certain usage statistics from the software including but not limited to a unique identifier, associated IP address, version number of the software, and information on which tools and/or services in the SDK are being used and how they are being used. Before any of this information is collected, the SDK will notify you and seek your consent. If you withhold consent, the information will not be collected.
2026-09-15T14:51:21.6505604Z 
2026-09-15T14:51:21.6505813Z 6.2 The data collected is examined in the aggregate to improve the SDK and is maintained in accordance with Google's Privacy Policy.
2026-09-15T14:51:21.6506064Z 
2026-09-15T14:51:21.6506068Z 
2026-09-15T14:51:21.6506128Z 7. Third Party Applications
2026-09-15T14:51:21.6506221Z 
2026-09-15T14:51:21.6507207Z 7.1 If you use the SDK to run applications developed by a third party or that access data, content or resources provided by a third party, you agree that Google is not responsible for those applications, data, content, or resources. You understand that all data, content or resources which you may access through such third party applications are the sole responsibility of the person from which they originated and that Google is not liable for any loss or damage that you may experience as a result of the use or access of any of those third party applications, data, content, or resources.
2026-09-15T14:51:21.6508225Z 
2026-09-15T14:51:21.6509026Z 7.2 You should be aware the data, content, and resources presented to you through such a third party application may be protected by intellectual property rights which are owned by the providers (or by other persons or companies on their behalf). You may not modify, rent, lease, loan, sell, distribute or create derivative works based on these data, content, or resources (either in whole or in part) unless you have been specifically given permission to do so by the relevant owners.
2026-09-15T14:51:21.6509866Z 
2026-09-15T14:51:21.6510398Z 7.3 You acknowledge that your use of such third party applications, data, content, or resources may be subject to separate terms between you and the relevant third party. In that case, the License Agreement does not affect your legal relationship with these third parties.
2026-09-15T14:51:21.6510885Z 
2026-09-15T14:51:21.6510888Z 
2026-09-15T14:51:21.6510942Z 8. Using Android APIs
2026-09-15T14:51:21.6511025Z 
2026-09-15T14:51:21.6511075Z 8.1 Google Data APIs
2026-09-15T14:51:21.6511157Z 
2026-09-15T14:51:21.6511976Z 8.1.1 If you use any API to retrieve data from Google, you acknowledge that the data may be protected by intellectual property rights which are owned by Google or those parties that provide the data (or by other persons or companies on their behalf). Your use of any such API may be subject to additional Terms of Service. You may not modify, rent, lease, loan, sell, distribute or create derivative works based on this data (either in whole or in part) unless allowed by the relevant Terms of Service.
2026-09-15T14:51:21.6512837Z 
2026-09-15T14:51:21.6514259Z 8.1.2 If you use any API to retrieve a user's data from Google, you acknowledge and agree that you shall retrieve data only with the user's explicit consent and only when, and for the limited purposes for which, the user has given you permission to do so. If you use the Android Recognition Service API, documented at the following URL: https://developer.android.com/reference/android/speech/RecognitionService, as updated from time to time, you acknowledge that the use of the API is subject to the Data Processing Addendum for Products where Google is a Data Processor, which is located at the following URL: https://privacy.google.com/businesses/gdprprocessorterms/, as updated from time to time. By clicking to accept, you hereby agree to the terms of the Data Processing Addendum for Products where Google is a Data Processor.
2026-09-15T14:51:21.6515799Z 
2026-09-15T14:51:21.6515801Z 
2026-09-15T14:51:21.6515865Z 9. Terminating the License Agreement
2026-09-15T14:51:21.6515972Z 
2026-09-15T14:51:21.6516144Z 9.1 The License Agreement will continue to apply until terminated by either you or Google as set out below.
2026-09-15T14:51:21.6516363Z 
2026-09-15T14:51:21.6516568Z 9.2 If you want to terminate the License Agreement, you may do so by ceasing your use of the SDK and any relevant developer credentials.
2026-09-15T14:51:21.6516817Z 
2026-09-15T14:51:21.6517892Z 9.3 Google may at any time, terminate the License Agreement with you if: (A) you have breached any provision of the License Agreement; or (B) Google is required to do so by law; or (C) the partner with whom Google offered certain parts of SDK (such as APIs) to you has terminated its relationship with Google or ceased to offer certain parts of the SDK to you; or (D) Google decides to no longer provide the SDK or certain parts of the SDK to users in the country in which you are resident or from which you use the service, or the provision of the SDK or certain SDK services to you by Google is, in Google's sole discretion, no longer commercially viable.
2026-09-15T14:51:21.6519062Z 
2026-09-15T14:51:21.6519794Z 9.4 When the License Agreement comes to an end, all of the legal rights, obligations and liabilities that you and Google have benefited from, been subject to (or which have accrued over time whilst the License Agreement has been in force) or which are expressed to continue indefinitely, shall be unaffected by this cessation, and the provisions of paragraph 14.7 shall continue to apply to such rights, obligations and liabilities indefinitely.
2026-09-15T14:51:21.6520574Z 
2026-09-15T14:51:21.6520577Z 
2026-09-15T14:51:21.6520638Z 10. DISCLAIMER OF WARRANTIES
2026-09-15T14:51:21.6520729Z 
2026-09-15T14:51:21.6521014Z 10.1 YOU EXPRESSLY UNDERSTAND AND AGREE THAT YOUR USE OF THE SDK IS AT YOUR SOLE RISK AND THAT THE SDK IS PROVIDED "AS IS" AND "AS AVAILABLE" WITHOUT WARRANTY OF ANY KIND FROM GOOGLE.
2026-09-15T14:51:21.6521341Z 
2026-09-15T14:51:21.6521844Z 10.2 YOUR USE OF THE SDK AND ANY MATERIAL DOWNLOADED OR OTHERWISE OBTAINED THROUGH THE USE OF THE SDK IS AT YOUR OWN DISCRETION AND RISK AND YOU ARE SOLELY RESPONSIBLE FOR ANY DAMAGE TO YOUR COMPUTER SYSTEM OR OTHER DEVICE OR LOSS OF DATA THAT RESULTS FROM SUCH USE.
2026-09-15T14:51:21.6522322Z 
2026-09-15T14:51:21.6522745Z 10.3 GOOGLE FURTHER EXPRESSLY DISCLAIMS ALL WARRANTIES AND CONDITIONS OF ANY KIND, WHETHER EXPRESS OR IMPLIED, INCLUDING, BUT NOT LIMITED TO THE IMPLIED WARRANTIES AND CONDITIONS OF MERCHANTABILITY, FITNESS FOR A PARTICULAR PURPOSE AND NON-INFRINGEMENT.
2026-09-15T14:51:21.6523216Z 
2026-09-15T14:51:21.6523219Z 
2026-09-15T14:51:21.6523277Z 11. LIMITATION OF LIABILITY
2026-09-15T14:51:21.6523372Z 
2026-09-15T14:51:21.6524103Z 11.1 YOU EXPRESSLY UNDERSTAND AND AGREE THAT GOOGLE, ITS SUBSIDIARIES AND AFFILIATES, AND ITS LICENSORS SHALL NOT BE LIABLE TO YOU UNDER ANY THEORY OF LIABILITY FOR ANY DIRECT, INDIRECT, INCIDENTAL, SPECIAL, CONSEQUENTIAL OR EXEMPLARY DAMAGES THAT MAY BE INCURRED BY YOU, INCLUDING ANY LOSS OF DATA, WHETHER OR NOT GOOGLE OR ITS REPRESENTATIVES HAVE BEEN ADVISED OF OR SHOULD HAVE BEEN AWARE OF THE POSSIBILITY OF ANY SUCH LOSSES ARISING.
2026-09-15T14:51:21.6524868Z 
2026-09-15T14:51:21.6524871Z 
2026-09-15T14:51:21.6524921Z 12. Indemnification
2026-09-15T14:51:21.6525119Z 
2026-09-15T14:51:21.6526320Z 12.1 To the maximum extent permitted by law, you agree to defend, indemnify and hold harmless Google, its affiliates and their respective directors, officers, employees and agents from and against any and all claims, actions, suits or proceedings, as well as any and all losses, liabilities, damages, costs and expenses (including reasonable attorneys fees) arising out of or accruing from (a) your use of the SDK, (b) any application you develop on the SDK that infringes any copyright, trademark, trade secret, trade dress, patent or other intellectual property right of any person or defames any person or violates their rights of publicity or privacy, and (c) any non-compliance by you with the License Agreement.
2026-09-15T14:51:21.6527559Z 
2026-09-15T14:51:21.6527562Z 
2026-09-15T14:51:21.6527624Z 13. Changes to the License Agreement
2026-09-15T14:51:21.6527728Z 
2026-09-15T14:51:21.6528106Z 13.1 Google may make changes to the License Agreement as it distributes new versions of the SDK. When these changes are made, Google will make a new version of the License Agreement available on the website where the SDK is made available.
2026-09-15T14:51:21.6528530Z 
2026-09-15T14:51:21.6528533Z 
2026-09-15T14:51:21.6528672Z 14. General Legal Terms
2026-09-15T14:51:21.6528755Z 
2026-09-15T14:51:21.6529256Z 14.1 The License Agreement constitutes the whole legal agreement between you and Google and governs your use of the SDK (excluding any services which Google may provide to you under a separate written agreement), and completely replaces any prior agreements between you and Google in relation to the SDK.
2026-09-15T14:51:21.6529807Z 
2026-09-15T14:51:21.6530328Z 14.2 You agree that if Google does not exercise or enforce any legal right or remedy which is contained in the License Agreement (or which Google has the benefit of under any applicable law), this will not be taken to be a formal waiver of Google's rights and that those rights or remedies will still be available to Google.
2026-09-15T14:51:21.6530885Z 
2026-09-15T14:51:21.6531447Z 14.3 If any court of law, having the jurisdiction to decide on this matter, rules that any provision of the License Agreement is invalid, then that provision will be removed from the License Agreement without affecting the rest of the License Agreement. The remaining provisions of the License Agreement will continue to be valid and enforceable.
2026-09-15T14:51:21.6532060Z 
2026-09-15T14:51:21.6532872Z 14.4 You acknowledge and agree that each member of the group of companies of which Google is the parent shall be third party beneficiaries to the License Agreement and that such other companies shall be entitled to directly enforce, and rely upon, any provision of the License Agreement that confers a benefit on (or rights in favor of) them. Other than this, no other person or company shall be third party beneficiaries to the License Agreement.
2026-09-15T14:51:21.6533646Z 
2026-09-15T14:51:21.6534083Z 14.5 EXPORT RESTRICTIONS. THE SDK IS SUBJECT TO UNITED STATES EXPORT LAWS AND REGULATIONS. YOU MUST COMPLY WITH ALL DOMESTIC AND INTERNATIONAL EXPORT LAWS AND REGULATIONS THAT APPLY TO THE SDK. THESE LAWS INCLUDE RESTRICTIONS ON DESTINATIONS, END USERS AND END USE.
2026-09-15T14:51:21.6534567Z 
2026-09-15T14:51:21.6535307Z 14.6 The rights granted in the License Agreement may not be assigned or transferred by either you or Google without the prior written approval of the other party. Neither you nor Google shall be permitted to delegate their responsibilities or obligations under the License Agreement without the prior written approval of the other party.
2026-09-15T14:51:21.6535913Z 
2026-09-15T14:51:21.6536853Z 14.7 The License Agreement, and your relationship with Google under the License Agreement, shall be governed by the laws of the State of California without regard to its conflict of laws provisions. You and Google agree to submit to the exclusive jurisdiction of the courts located within the county of Santa Clara, California to resolve any legal matter arising from the License Agreement. Notwithstanding this, you agree that Google shall still be allowed to apply for injunctive remedies (or an equivalent type of urgent legal relief) in any jurisdiction.
2026-09-15T14:51:21.6537828Z 
2026-09-15T14:51:21.6537835Z 
2026-09-15T14:51:21.6537886Z January 16, 2019
2026-09-15T14:51:21.6538062Z ---------------------------------------
2026-09-15T14:51:21.6538216Z Accept? (y/N): 
2026-09-15T14:51:21.6538358Z 4/6: License android-sdk-preview-license:
2026-09-15T14:51:21.6538530Z ---------------------------------------
2026-09-15T14:51:21.6539266Z To get started with the Android SDK Preview, you must agree to the following terms and conditions. As described below, please note that this is a preview version of the Android SDK, subject to change, that you use at your own risk. The Android SDK Preview is not a stable release, and may contain errors and defects that can result in serious damage to your computer systems, devices and data.
2026-09-15T14:51:21.6539956Z 
2026-09-15T14:51:21.6540073Z This is the Android SDK Preview License Agreement (the "License Agreement").
2026-09-15T14:51:21.6540241Z 
2026-09-15T14:51:21.6540289Z 1. Introduction
2026-09-15T14:51:21.6540361Z 
2026-09-15T14:51:21.6541210Z 1.1 The Android SDK Preview (referred to in the License Agreement as the “Preview” and specifically including the Android system files, packaged APIs, and Preview library files, if and when they are made available) is licensed to you subject to the terms of the License Agreement. The License Agreement forms a legally binding contract between you and Google in relation to your use of the Preview.
2026-09-15T14:51:21.6542034Z 
2026-09-15T14:51:21.6542401Z 1.2 "Android" means the Android software stack for devices, as made available under the Android Open Source Project, which is located at the following URL: http://source.android.com/, as updated from time to time.
2026-09-15T14:51:21.6542797Z 
2026-09-15T14:51:21.6543053Z 1.3 "Google" means Google Inc., a Delaware corporation with principal place of business at 1600 Amphitheatre Parkway, Mountain View, CA 94043, United States.
2026-09-15T14:51:21.6543356Z 
2026-09-15T14:51:21.6543420Z 2. Accepting the License Agreement
2026-09-15T14:51:21.6543521Z 
2026-09-15T14:51:21.6543761Z 2.1 In order to use the Preview, you must first agree to the License Agreement. You may not use the Preview if you do not accept the License Agreement.
2026-09-15T14:51:21.6544042Z 
2026-09-15T14:51:21.6544207Z 2.2 By clicking to accept and/or using the Preview, you hereby agree to the terms of the License Agreement.
2026-09-15T14:51:21.6544415Z 
2026-09-15T14:51:21.6544955Z 2.3 You may not use the Preview and may not accept the License Agreement if you are a person barred from receiving the Preview under the laws of the United States or other countries including the country in which you are resident or from which you use the Preview.
2026-09-15T14:51:21.6545569Z 
2026-09-15T14:51:21.6546283Z 2.4 If you will use the Preview internally within your company or organization you agree to be bound by the License Agreement on behalf of your employer or other entity, and you represent and warrant that you have full legal authority to bind your employer or such entity to the License Agreement. If you do not have the requisite authority, you may not accept the License Agreement or use the Preview on behalf of your employer or other entity.
2026-09-15T14:51:21.6547043Z 
2026-09-15T14:51:21.6547102Z 3. Preview License from Google
2026-09-15T14:51:21.6547198Z 
2026-09-15T14:51:21.6547725Z 3.1 Subject to the terms of the License Agreement, Google grants you a royalty-free, non-assignable, non-exclusive, non-sublicensable, limited, revocable license to use the Preview, personally or internally within your company or organization, solely to develop applications to run on the Android platform.
2026-09-15T14:51:21.6548291Z 
2026-09-15T14:51:21.6548961Z 3.2 You agree that Google or third parties owns all legal right, title and interest in and to the Preview, including any Intellectual Property Rights that subsist in the Preview. "Intellectual Property Rights" means any and all rights under patent law, copyright law, trade secret law, trademark law, and any and all other proprietary rights. Google reserves all rights not expressly granted to you.
2026-09-15T14:51:21.6549777Z 
2026-09-15T14:51:21.6551026Z 3.3 You may not use the Preview for any purpose not expressly permitted by the License Agreement. Except to the extent required by applicable third party licenses, you may not: (a) copy (except for backup purposes), modify, adapt, redistribute, decompile, reverse engineer, disassemble, or create derivative works of the Preview or any part of the Preview; or (b) load any part of the Preview onto a mobile handset or any other hardware device except a personal computer, combine any part of the Preview with other software, or distribute any software or device incorporating a part of the Preview.
2026-09-15T14:51:21.6552070Z 
2026-09-15T14:51:21.6552487Z 3.4 You agree that you will not take any actions that may cause or result in the fragmentation of Android, including but not limited to distributing, participating in the creation of, or promoting in any way a software development kit derived from the Preview.
2026-09-15T14:51:21.6553054Z 
2026-09-15T14:51:21.6553748Z 3.5 Use, reproduction and distribution of components of the Preview licensed under an open source software license are governed solely by the terms of that open source software license and not the License Agreement. You agree to remain a licensee in good standing in regard to such open source software licenses under all the rights granted and to refrain from any actions that may terminate, suspend, or breach such rights.
2026-09-15T14:51:21.6554484Z 
2026-09-15T14:51:21.6555372Z 3.6 You agree that the form and nature of the Preview that Google provides may change without prior notice to you and that future versions of the Preview may be incompatible with applications developed on previous versions of the Preview. You agree that Google may stop (permanently or temporarily) providing the Preview (or any features within the Preview) to you or to users generally at Google's sole discretion, without prior notice to you.
2026-09-15T14:51:21.6556141Z 
2026-09-15T14:51:21.6556422Z 3.7 Nothing in the License Agreement gives you a right to use any of Google's trade names, trademarks, service marks, logos, domain names, or other distinctive brand features.
2026-09-15T14:51:21.6556746Z 
2026-09-15T14:51:21.6557052Z 3.8 You agree that you will not remove, obscure, or alter any proprietary rights notices (including copyright and trademark notices) that may be affixed to or contained within the Preview.
2026-09-15T14:51:21.6557401Z 
2026-09-15T14:51:21.6557463Z 4. Use of the Preview by You
2026-09-15T14:51:21.6557640Z 
2026-09-15T14:51:21.6558145Z 4.1 Google agrees that nothing in the License Agreement gives Google any right, title or interest from you (or your licensors) under the License Agreement in or to any software applications that you develop using the Preview, including any intellectual property rights that subsist in those applications.
2026-09-15T14:51:21.6558688Z 
2026-09-15T14:51:21.6559274Z 4.2 You agree to use the Preview and write applications only for purposes that are permitted by (a) the License Agreement, and (b) any applicable law, regulation or generally accepted practices or guidelines in the relevant jurisdictions (including any laws regarding the export of data or software to and from the United States or other relevant countries).
2026-09-15T14:51:21.6559905Z 
2026-09-15T14:51:21.6561125Z 4.3 You agree that if you use the Preview to develop applications, you will protect the privacy and legal rights of users. If users provide you with user names, passwords, or other login information or personal information, you must make the users aware that the information will be available to your application, and you must provide legally adequate privacy notice and protection for those users. If your application stores personal or sensitive information provided by users, it must do so securely. If users provide you with Google Account information, your application may only use that information to access the user's Google Account when, and for the limited purposes for which, each user has given you permission to do so.
2026-09-15T14:51:21.6562378Z 
2026-09-15T14:51:21.6562864Z 4.4 You agree that you will not engage in any activity with the Preview, including the development or distribution of an application, that interferes with, disrupts, damages, or accesses in an unauthorized manner the servers, networks, or other properties or services of Google or any third party.
2026-09-15T14:51:21.6563401Z 
2026-09-15T14:51:21.6563970Z 4.5 You agree that you are solely responsible for (and that Google has no responsibility to you or to any third party for) any data, content, or resources that you create, transmit or display through Android and/or applications for Android, and for the consequences of your actions (including any loss or damage which Google may suffer) by doing so.
2026-09-15T14:51:21.6564579Z 
2026-09-15T14:51:21.6565309Z 4.6 You agree that you are solely responsible for (and that Google has no responsibility to you or to any third party for) any breach of your obligations under the License Agreement, any applicable third party contract or Terms of Service, or any applicable law or regulation, and for the consequences (including any loss or damage which Google or any third party may suffer) of any such breach.
2026-09-15T14:51:21.6566081Z 
2026-09-15T14:51:21.6566873Z 4.7 The Preview is in development, and your testing and feedback are an important part of the development process. By using the Preview, you acknowledge that implementation of some features are still under development and that you should not rely on the Preview having the full functionality of a stable release. You agree not to publicly distribute or ship any application using this Preview as this Preview will no longer be supported after the official Android SDK is released.
2026-09-15T14:51:21.6567710Z 
2026-09-15T14:51:21.6567771Z 5. Your Developer Credentials
2026-09-15T14:51:21.6567865Z 
2026-09-15T14:51:21.6568330Z 5.1 You agree that you are responsible for maintaining the confidentiality of any developer credentials that may be issued to you by Google or which you may choose yourself and that you will be solely responsible for all applications that are developed under your developer credentials.
2026-09-15T14:51:21.6568844Z 
2026-09-15T14:51:21.6568901Z 6. Privacy and Information
2026-09-15T14:51:21.6568990Z 
2026-09-15T14:51:21.6569879Z 6.1 In order to continually innovate and improve the Preview, Google may collect certain usage statistics from the software including but not limited to a unique identifier, associated IP address, version number of the software, and information on which tools and/or services in the Preview are being used and how they are being used. Before any of this information is collected, the Preview will notify you and seek your consent. If you withhold consent, the information will not be collected.
2026-09-15T14:51:21.6570736Z 
2026-09-15T14:51:21.6571044Z 6.2 The data collected is examined in the aggregate to improve the Preview and is maintained in accordance with Google's Privacy Policy located at http://www.google.com/policies/privacy/.
2026-09-15T14:51:21.6571399Z 
2026-09-15T14:51:21.6571456Z 7. Third Party Applications
2026-09-15T14:51:21.6571548Z 
2026-09-15T14:51:21.6572530Z 7.1 If you use the Preview to run applications developed by a third party or that access data, content or resources provided by a third party, you agree that Google is not responsible for those applications, data, content, or resources. You understand that all data, content or resources which you may access through such third party applications are the sole responsibility of the person from which they originated and that Google is not liable for any loss or damage that you may experience as a result of the use or access of any of those third party applications, data, content, or resources.
2026-09-15T14:51:21.6573552Z 
2026-09-15T14:51:21.6574347Z 7.2 You should be aware the data, content, and resources presented to you through such a third party application may be protected by intellectual property rights which are owned by the providers (or by other persons or companies on their behalf). You may not modify, rent, lease, loan, sell, distribute or create derivative works based on these data, content, or resources (either in whole or in part) unless you have been specifically given permission to do so by the relevant owners.
2026-09-15T14:51:21.6575282Z 
2026-09-15T14:51:21.6575552Z 7.3 You acknowledge that your use of such third party applications, data, content, or resources may be subject to separate terms between you and the relevant third party.
2026-09-15T14:51:21.6575865Z 
2026-09-15T14:51:21.6575919Z 8. Using Google APIs
2026-09-15T14:51:21.6576001Z 
2026-09-15T14:51:21.6576052Z 8.1 Google APIs
2026-09-15T14:51:21.6576121Z 
2026-09-15T14:51:21.6576935Z 8.1.1 If you use any API to retrieve data from Google, you acknowledge that the data may be protected by intellectual property rights which are owned by Google or those parties that provide the data (or by other persons or companies on their behalf). Your use of any such API may be subject to additional Terms of Service. You may not modify, rent, lease, loan, sell, distribute or create derivative works based on this data (either in whole or in part) unless allowed by the relevant Terms of Service.
2026-09-15T14:51:21.6577902Z 
2026-09-15T14:51:21.6578312Z 8.1.2 If you use any API to retrieve a user's data from Google, you acknowledge and agree that you shall retrieve data only with the user's explicit consent and only when, and for the limited purposes for which, the user has given you permission to do so.
2026-09-15T14:51:21.6578773Z 
2026-09-15T14:51:21.6578836Z 9. Terminating the License Agreement
2026-09-15T14:51:21.6578943Z 
2026-09-15T14:51:21.6579114Z 9.1 the License Agreement will continue to apply until terminated by either you or Google as set out below.
2026-09-15T14:51:21.6579333Z 
2026-09-15T14:51:21.6579543Z 9.2 If you want to terminate the License Agreement, you may do so by ceasing your use of the Preview and any relevant developer credentials.
2026-09-15T14:51:21.6579804Z 
2026-09-15T14:51:21.6579976Z 9.3 Google may at any time, terminate the License Agreement, with or without cause, upon notice to you.
2026-09-15T14:51:21.6580180Z 
2026-09-15T14:51:21.6580797Z 9.4 The License Agreement will automatically terminate without notice or other action upon the earlier of: (A) when Google ceases to provide the Preview or certain parts of the Preview to users in the country in which you are resident or from which you use the service; and (B) Google issues a final release version of the Android SDK.
2026-09-15T14:51:21.6581377Z 
2026-09-15T14:51:21.6581769Z 9.5 When the License Agreement is terminated, the license granted to you in the License Agreement will terminate, you will immediately cease all use of the Preview, and the provisions of paragraphs 10, 11, 12 and 14 shall survive indefinitely.
2026-09-15T14:51:21.6582203Z 
2026-09-15T14:51:21.6582254Z 10. DISCLAIMERS
2026-09-15T14:51:21.6582324Z 
2026-09-15T14:51:21.6582617Z 10.1 YOU EXPRESSLY UNDERSTAND AND AGREE THAT YOUR USE OF THE PREVIEW IS AT YOUR SOLE RISK AND THAT THE PREVIEW IS PROVIDED "AS IS" AND "AS AVAILABLE" WITHOUT WARRANTY OF ANY KIND FROM GOOGLE.
2026-09-15T14:51:21.6582957Z 
2026-09-15T14:51:21.6583880Z 10.2 YOUR USE OF THE PREVIEW AND ANY MATERIAL DOWNLOADED OR OTHERWISE OBTAINED THROUGH THE USE OF THE PREVIEW IS AT YOUR OWN DISCRETION AND RISK AND YOU ARE SOLELY RESPONSIBLE FOR ANY DAMAGE TO YOUR COMPUTER SYSTEM OR OTHER DEVICE OR LOSS OF DATA THAT RESULTS FROM SUCH USE. WITHOUT LIMITING THE FOREGOING, YOU UNDERSTAND THAT THE PREVIEW IS NOT A STABLE RELEASE AND MAY CONTAIN ERRORS, DEFECTS AND SECURITY VULNERABILITIES THAT CAN RESULT IN SIGNIFICANT DAMAGE, INCLUDING THE COMPLETE, IRRECOVERABLE LOSS OF USE OF YOUR COMPUTER SYSTEM OR OTHER DEVICE.
2026-09-15T14:51:21.6584861Z 
2026-09-15T14:51:21.6585343Z 10.3 GOOGLE FURTHER EXPRESSLY DISCLAIMS ALL WARRANTIES AND CONDITIONS OF ANY KIND, WHETHER EXPRESS OR IMPLIED, INCLUDING, BUT NOT LIMITED TO THE IMPLIED WARRANTIES AND CONDITIONS OF MERCHANTABILITY, FITNESS FOR A PARTICULAR PURPOSE AND NON-INFRINGEMENT.
2026-09-15T14:51:21.6585817Z 
2026-09-15T14:51:21.6585877Z 11. LIMITATION OF LIABILITY
2026-09-15T14:51:21.6585968Z 
2026-09-15T14:51:21.6586693Z 11.1 YOU EXPRESSLY UNDERSTAND AND AGREE THAT GOOGLE, ITS SUBSIDIARIES AND AFFILIATES, AND ITS LICENSORS SHALL NOT BE LIABLE TO YOU UNDER ANY THEORY OF LIABILITY FOR ANY DIRECT, INDIRECT, INCIDENTAL, SPECIAL, CONSEQUENTIAL OR EXEMPLARY DAMAGES THAT MAY BE INCURRED BY YOU, INCLUDING ANY LOSS OF DATA, WHETHER OR NOT GOOGLE OR ITS REPRESENTATIVES HAVE BEEN ADVISED OF OR SHOULD HAVE BEEN AWARE OF THE POSSIBILITY OF ANY SUCH LOSSES ARISING.
2026-09-15T14:51:21.6587461Z 
2026-09-15T14:51:21.6587514Z 12. Indemnification
2026-09-15T14:51:21.6587589Z 
2026-09-15T14:51:21.6588983Z 12.1 To the maximum extent permitted by law, you agree to defend, indemnify and hold harmless Google, its affiliates and their respective directors, officers, employees and agents from and against any and all claims, actions, suits or proceedings, as well as any and all losses, liabilities, damages, costs and expenses (including reasonable attorneys’ fees) arising out of or accruing from (a) your use of the Preview, (b) any application you develop on the Preview that infringes any Intellectual Property Rights of any person or defames any person or violates their rights of publicity or privacy, and (c) any non-compliance by you of the License Agreement.
2026-09-15T14:51:21.6590198Z 
2026-09-15T14:51:21.6590260Z 13. Changes to the License Agreement
2026-09-15T14:51:21.6590368Z 
2026-09-15T14:51:21.6590767Z 13.1 Google may make changes to the License Agreement as it distributes new versions of the Preview. When these changes are made, Google will make a new version of the License Agreement available on the website where the Preview is made available.
2026-09-15T14:51:21.6591283Z 
2026-09-15T14:51:21.6591335Z 14. General Legal Terms
2026-09-15T14:51:21.6591417Z 
2026-09-15T14:51:21.6591939Z 14.1 the License Agreement constitutes the whole legal agreement between you and Google and governs your use of the Preview (excluding any services which Google may provide to you under a separate written agreement), and completely replaces any prior agreements between you and Google in relation to the Preview.
2026-09-15T14:51:21.6592513Z 
2026-09-15T14:51:21.6593398Z 14.2 You agree that if Google does not exercise or enforce any legal right or remedy which is contained in the License Agreement (or which Google has the benefit of under any applicable law), this will not be taken to be a formal waiver of Google's rights and that those rights or remedies will still be available to Google.
2026-09-15T14:51:21.6594094Z 
2026-09-15T14:51:21.6594834Z 14.3 If any court of law, having the jurisdiction to decide on this matter, rules that any provision of the License Agreement is invalid, then that provision will be removed from the License Agreement without affecting the rest of the License Agreement. The remaining provisions of the License Agreement will continue to be valid and enforceable.
2026-09-15T14:51:21.6595548Z 
2026-09-15T14:51:21.6596301Z 14.4 You acknowledge and agree that each member of the group of companies of which Google is the parent shall be third party beneficiaries to the License Agreement and that such other companies shall be entitled to directly enforce, and rely upon, any provision of the License Agreement that confers a benefit on (or rights in favor of) them. Other than this, no other person or company shall be third party beneficiaries to the License Agreement.
2026-09-15T14:51:21.6597092Z 
2026-09-15T14:51:21.6597560Z 14.5 EXPORT RESTRICTIONS. THE PREVIEW IS SUBJECT TO UNITED STATES EXPORT LAWS AND REGULATIONS. YOU MUST COMPLY WITH ALL DOMESTIC AND INTERNATIONAL EXPORT LAWS AND REGULATIONS THAT APPLY TO THE PREVIEW. THESE LAWS INCLUDE RESTRICTIONS ON DESTINATIONS, END USERS AND END USE.
2026-09-15T14:51:21.6598096Z 
2026-09-15T14:51:21.6598641Z 14.6 The License Agreement may not be assigned or transferred by you without the prior written approval of Google, and any attempted assignment without such approval will be void. You shall not delegate your responsibilities or obligations under the License Agreement without the prior written approval of Google.
2026-09-15T14:51:21.6599211Z 
2026-09-15T14:51:21.6600145Z 14.7 The License Agreement, and your relationship with Google under the License Agreement, shall be governed by the laws of the State of California without regard to its conflict of laws provisions. You and Google agree to submit to the exclusive jurisdiction of the courts located within the county of Santa Clara, California to resolve any legal matter arising from the License Agreement. Notwithstanding this, you agree that Google shall still be allowed to apply for injunctive remedies (or an equivalent type of urgent legal relief) in any jurisdiction.
2026-09-15T14:51:21.6601119Z 
2026-09-15T14:51:21.6601169Z June 2014.
2026-09-15T14:51:21.6601291Z ---------------------------------------
2026-09-15T14:51:21.6601446Z Accept? (y/N): 
2026-09-15T14:51:21.6601671Z 5/6: License google-gdk-license:
2026-09-15T14:51:21.6601825Z ---------------------------------------
2026-09-15T14:51:21.6602026Z This is a Developer Preview of the GDK that is subject to change.
2026-09-15T14:51:21.6602176Z 
2026-09-15T14:51:21.6602227Z Terms and Conditions
2026-09-15T14:51:21.6602307Z 
2026-09-15T14:51:21.6602389Z This is the Glass Development Kit License Agreement.
2026-09-15T14:51:21.6602518Z 
2026-09-15T14:51:21.6602568Z 1. Introduction
2026-09-15T14:51:21.6602638Z 
2026-09-15T14:51:21.6603284Z 1.1 The Glass Development Kit (referred to in this License Agreement as the "GDK" and specifically including the Android system files, packaged APIs, and GDK library files, if and when they are made available) is licensed to you subject to the terms of this License Agreement. This License Agreement forms a legally binding contract between you and Google in relation to your use of the GDK.
2026-09-15T14:51:21.6603984Z 
2026-09-15T14:51:21.6604111Z 1.2 "Glass" means Glass devices and the Glass software stack for use on Glass devices.
2026-09-15T14:51:21.6604297Z 
2026-09-15T14:51:21.6604300Z 
2026-09-15T14:51:21.6604653Z 1.3 "Android" means the Android software stack for devices, as made available under the Android Open Source Project, which is located at the following URL: http://source.android.com/, as updated from time to time.
2026-09-15T14:51:21.6605131Z 
2026-09-15T14:51:21.6605467Z 1.4 "Google" means Google Inc., a Delaware corporation with principal place of business at 1600 Amphitheatre Parkway, Mountain View, CA 94043, United States.
2026-09-15T14:51:21.6605767Z 
2026-09-15T14:51:21.6605830Z 2. Accepting this License Agreement
2026-09-15T14:51:21.6605931Z 
2026-09-15T14:51:21.6606149Z 2.1 In order to use the GDK, you must first agree to this License Agreement. You may not use the GDK if you do not accept this License Agreement.
2026-09-15T14:51:21.6606416Z 
2026-09-15T14:51:21.6606544Z 2.2 By clicking to accept, you hereby agree to the terms of this License Agreement.
2026-09-15T14:51:21.6606723Z 
2026-09-15T14:51:21.6607117Z 2.3 You may not use the GDK and may not accept the License Agreement if you are a person barred from receiving the GDK under the laws of the United States or other countries including the country in which you are resident or from which you use the GDK.
2026-09-15T14:51:21.6607560Z 
2026-09-15T14:51:21.6608161Z 2.4 If you are agreeing to be bound by this License Agreement on behalf of your employer or other entity, you represent and warrant that you have full legal authority to bind your employer or such entity to this License Agreement. If you do not have the requisite authority, you may not accept the License Agreement or use the GDK on behalf of your employer or other entity.
2026-09-15T14:51:21.6608809Z 
2026-09-15T14:51:21.6608867Z 3. GDK License from Google
2026-09-15T14:51:21.6608956Z 
2026-09-15T14:51:21.6609356Z 3.1 Subject to the terms of this License Agreement, Google grants you a limited, worldwide, royalty-free, non-assignable and non-exclusive license to use the GDK solely to develop applications to run on the Glass platform for Glass devices.
2026-09-15T14:51:21.6609800Z 
2026-09-15T14:51:21.6610450Z 3.2 You agree that Google or third parties own all legal right, title and interest in and to the GDK, including any Intellectual Property Rights that subsist in the GDK. "Intellectual Property Rights" means any and all rights under patent law, copyright law, trade secret law, trademark law, and any and all other proprietary rights. Google reserves all rights not expressly granted to you.
2026-09-15T14:51:21.6611140Z 
2026-09-15T14:51:21.6612156Z 3.3 You may not use the GDK for any purpose not expressly permitted by this License Agreement. Except to the extent required by applicable third party licenses, you may not: (a) copy (except for backup purposes), modify, adapt, redistribute, decompile, reverse engineer, disassemble, or create derivative works of the GDK or any part of the GDK; or (b) load any part of the GDK onto a mobile handset or wearable computing device or any other hardware device except a Glass device personal computer, combine any part of the GDK with other software, or distribute any software or device incorporating a part of the GDK.
2026-09-15T14:51:21.6613289Z 
2026-09-15T14:51:21.6613701Z 3.4 You agree that you will not take any actions that may cause or result in the fragmentation of Glass, including but not limited to distributing, participating in the creation of, or promoting in any way a software development kit derived from the GDK.
2026-09-15T14:51:21.6614154Z 
2026-09-15T14:51:21.6614496Z 3.5 Use, reproduction and distribution of components of the GDK licensed under an open source software license are governed solely by the terms of that open source software license and not this License Agreement.
2026-09-15T14:51:21.6614881Z 
2026-09-15T14:51:21.6615654Z 3.6 You agree that the form and nature of the GDK that Google provides may change without prior notice to you and that future versions of the GDK may be incompatible with applications developed on previous versions of the GDK. You agree that Google may stop (permanently or temporarily) providing the GDK (or any features within the GDK) to you or to users generally at Google's sole discretion, without prior notice to you.
2026-09-15T14:51:21.6616385Z 
2026-09-15T14:51:21.6616667Z 3.7 Nothing in this License Agreement gives you a right to use any of Google's trade names, trademarks, service marks, logos, domain names, or other distinctive brand features.
2026-09-15T14:51:21.6616995Z 
2026-09-15T14:51:21.6617375Z 3.8 You agree that you will not remove, obscure, or alter any proprietary rights notices (including copyright and trademark notices) that may be affixed to or contained within the GDK.
2026-09-15T14:51:21.6617741Z 
2026-09-15T14:51:21.6617744Z 
2026-09-15T14:51:21.6618338Z 3.9 Your use of any Android system files, packaged APIs, or other components of the GDK which are part of the Android Software Development Kit is subject to the terms of the Android Software Development Kit License Agreement located at http://developer.android.com/sdk/terms.html. These terms are hereby incorporated by reference into this License Agreement.
2026-09-15T14:51:21.6618986Z 
2026-09-15T14:51:21.6619042Z 4. Use of the GDK by You
2026-09-15T14:51:21.6619129Z 
2026-09-15T14:51:21.6619565Z 4.1 Google agrees that it obtains no right, title or interest from you (or your licensors) under this License Agreement in or to any software applications that you develop using the GDK, including any intellectual property rights that subsist in those applications.
2026-09-15T14:51:21.6620048Z 
2026-09-15T14:51:21.6620928Z 4.2 You agree to use the GDK and write applications only for purposes that are permitted by (a) this License Agreement, (b) the Glass Platform Developer Policies (located at https://developers.google.com/glass/policies, and hereby incorporated into this License Agreement by reference), and (c) any applicable law, regulation or generally accepted practices or guidelines in the relevant jurisdictions (including any laws regarding the export of data or software to and from the United States or other relevant countries).
2026-09-15T14:51:21.6621840Z 
2026-09-15T14:51:21.6623153Z 4.3 You agree that if you use the GDK to develop applications for general public users, you will protect the privacy and legal rights of those users. If the users provide you with user names, passwords, or other login information or personal information, you must make the users aware that the information will be available to your application, and you must provide legally adequate privacy notice and protection for those users. If your application stores personal or sensitive information provided by users, it must do so securely. If the user provides your application with Google Account information, your application may only use that information to access the user's Google Account when, and for the limited purposes for which, the user has given you permission to do so.
2026-09-15T14:51:21.6624497Z 
2026-09-15T14:51:21.6625085Z 4.4 You agree that you will not engage in any activity with the GDK, including the development or distribution of an application, that interferes with, disrupts, damages, or accesses in an unauthorized manner the servers, networks, or other properties or services of any third party including, but not limited to, Google.
2026-09-15T14:51:21.6625733Z 
2026-09-15T14:51:21.6626293Z 4.5 You agree that you are solely responsible for (and that Google has no responsibility to you or to any third party for) any data, content, or resources that you create, transmit or display through Glass and/or applications for Glass, and for the consequences of your actions (including any loss or damage which Google may suffer) by doing so.
2026-09-15T14:51:21.6626897Z 
2026-09-15T14:51:21.6627539Z 4.6 You agree that you are solely responsible for (and that Google has no responsibility to you or to any third party for) any breach of your obligations under this License Agreement, any applicable third party contract or Terms of Service, or any applicable law or regulation, and for the consequences (including any loss or damage which Google or any third party may suffer) of any such breach.
2026-09-15T14:51:21.6628227Z 
2026-09-15T14:51:21.6628229Z 
2026-09-15T14:51:21.6628942Z 4.7 The GDK is in development, and your testing and feedback are an important part of the development process. By using the GDK, you acknowledge that implementation of some features are still under development and that you should not rely on the GDK, Glass devices, Glass system software, Google Mirror API, or Glass services having the full functionality of a stable release.
2026-09-15T14:51:21.6629604Z 
2026-09-15T14:51:21.6629665Z 5. Your Developer Credentials
2026-09-15T14:51:21.6629760Z 
2026-09-15T14:51:21.6630227Z 5.1 You agree that you are responsible for maintaining the confidentiality of any developer credentials that may be issued to you by Google or which you may choose yourself and that you will be solely responsible for all applications that are developed under your developer credentials.
2026-09-15T14:51:21.6630737Z 
2026-09-15T14:51:21.6630795Z 6. Privacy and Information
2026-09-15T14:51:21.6630882Z 
2026-09-15T14:51:21.6630885Z 
2026-09-15T14:51:21.6631673Z 6.1 In order to continually innovate and improve the GDK, Google may collect certain usage statistics from the software including but not limited to a unique identifier, associated IP address, version number of the software, and information on which tools and/or services in the GDK are being used and how they are being used. Before any of this information is collected, the GDK will notify you and seek your consent. If you withhold consent, the information will not be collected.
2026-09-15T14:51:21.6632506Z 
2026-09-15T14:51:21.6632712Z 6.2 The data collected is examined in the aggregate to improve the GDK and is maintained in accordance with Google's Privacy Policy.
2026-09-15T14:51:21.6632964Z 
2026-09-15T14:51:21.6633022Z 7. Third Party Applications
2026-09-15T14:51:21.6633116Z 
2026-09-15T14:51:21.6634091Z 7.1 If you use the GDK to run applications developed by a third party or that access data, content or resources provided by a third party, you agree that Google is not responsible for those applications, data, content, or resources. You understand that all data, content or resources which you may access through such third party applications are the sole responsibility of the person from which they originated and that Google is not liable for any loss or damage that you may experience as a result of the use or access of any of those third party applications, data, content, or resources.
2026-09-15T14:51:21.6635179Z 
2026-09-15T14:51:21.6635975Z 7.2 You should be aware the data, content, and resources presented to you through such a third party application may be protected by intellectual property rights which are owned by the providers (or by other persons or companies on their behalf). You may not modify, rent, lease, loan, sell, distribute or create derivative works based on these data, content, or resources (either in whole or in part) unless you have been specifically given permission to do so by the relevant owners.
2026-09-15T14:51:21.6636889Z 
2026-09-15T14:51:21.6637330Z 7.3 You acknowledge that your use of such third party applications, data, content, or resources may be subject to separate terms between you and the relevant third party. In that case, this License Agreement does not affect your legal relationship with these third parties.
2026-09-15T14:51:21.6637815Z 
2026-09-15T14:51:21.6637868Z 8. Using Google APIs
2026-09-15T14:51:21.6637952Z 
2026-09-15T14:51:21.6638003Z 8.1 Google APIs
2026-09-15T14:51:21.6638072Z 
2026-09-15T14:51:21.6638879Z 8.1.1 If you use any API to retrieve data from Google, you acknowledge that the data may be protected by intellectual property rights which are owned by Google or those parties that provide the data (or by other persons or companies on their behalf). Your use of any such API may be subject to additional Terms of Service. You may not modify, rent, lease, loan, sell, distribute or create derivative works based on this data (either in whole or in part) unless allowed by the relevant Terms of Service.
2026-09-15T14:51:21.6639737Z 
2026-09-15T14:51:21.6640142Z 8.1.2 If you use any API to retrieve a user's data from Google, you acknowledge and agree that you shall retrieve data only with the user's explicit consent and only when, and for the limited purposes for which, the user has given you permission to do so.
2026-09-15T14:51:21.6640586Z 
2026-09-15T14:51:21.6640728Z 9. Terminating this License Agreement
2026-09-15T14:51:21.6640837Z 
2026-09-15T14:51:21.6641012Z 9.1 This License Agreement will continue to apply until terminated by either you or Google as set out below.
2026-09-15T14:51:21.6641233Z 
2026-09-15T14:51:21.6641438Z 9.2 If you want to terminate this License Agreement, you may do so by ceasing your use of the GDK and any relevant developer credentials.
2026-09-15T14:51:21.6641693Z 
2026-09-15T14:51:21.6642742Z 9.3 Google may at any time, terminate this License Agreement with you if: (A) you have breached any provision of this License Agreement; or (B) Google is required to do so by law; or (C) the partner with whom Google offered certain parts of GDK (such as APIs) to you has terminated its relationship with Google or ceased to offer certain parts of the GDK to you; or (D) Google decides to no longer provide the GDK or certain parts of the GDK to users in the country in which you are resident or from which you use the service, or the provision of the GDK or certain GDK services to you by Google is, in Google's sole discretion, no longer commercially viable.
2026-09-15T14:51:21.6643832Z 
2026-09-15T14:51:21.6644572Z 9.4 When this License Agreement comes to an end, all of the legal rights, obligations and liabilities that you and Google have benefited from, been subject to (or which have accrued over time whilst this License Agreement has been in force) or which are expressed to continue indefinitely, shall be unaffected by this cessation, and the provisions of paragraph 14.7 shall continue to apply to such rights, obligations and liabilities indefinitely.
2026-09-15T14:51:21.6645417Z 
2026-09-15T14:51:21.6645475Z 10. DISCLAIMER OF WARRANTIES
2026-09-15T14:51:21.6645571Z 
2026-09-15T14:51:21.6645852Z 10.1 YOU EXPRESSLY UNDERSTAND AND AGREE THAT YOUR USE OF THE GDK IS AT YOUR SOLE RISK AND THAT THE GDK IS PROVIDED "AS IS" AND "AS AVAILABLE" WITHOUT WARRANTY OF ANY KIND FROM GOOGLE.
2026-09-15T14:51:21.6646179Z 
2026-09-15T14:51:21.6646603Z 10.2 YOUR USE OF THE GDK AND ANY MATERIAL DOWNLOADED OR OTHERWISE OBTAINED THROUGH THE USE OF THE GDK IS AT YOUR OWN DISCRETION AND RISK AND YOU ARE SOLELY RESPONSIBLE FOR ANY DAMAGE TO YOUR COMPUTER SYSTEM OR OTHER DEVICE OR LOSS OF DATA THAT RESULTS FROM SUCH USE.
2026-09-15T14:51:21.6647072Z 
2026-09-15T14:51:21.6647494Z 10.3 GOOGLE FURTHER EXPRESSLY DISCLAIMS ALL WARRANTIES AND CONDITIONS OF ANY KIND, WHETHER EXPRESS OR IMPLIED, INCLUDING, BUT NOT LIMITED TO THE IMPLIED WARRANTIES AND CONDITIONS OF MERCHANTABILITY, FITNESS FOR A PARTICULAR PURPOSE AND NON-INFRINGEMENT.
2026-09-15T14:51:21.6648038Z 
2026-09-15T14:51:21.6648097Z 11. LIMITATION OF LIABILITY
2026-09-15T14:51:21.6648186Z 
2026-09-15T14:51:21.6648913Z 11.1 YOU EXPRESSLY UNDERSTAND AND AGREE THAT GOOGLE, ITS SUBSIDIARIES AND AFFILIATES, AND ITS LICENSORS SHALL NOT BE LIABLE TO YOU UNDER ANY THEORY OF LIABILITY FOR ANY DIRECT, INDIRECT, INCIDENTAL, SPECIAL, CONSEQUENTIAL OR EXEMPLARY DAMAGES THAT MAY BE INCURRED BY YOU, INCLUDING ANY LOSS OF DATA, WHETHER OR NOT GOOGLE OR ITS REPRESENTATIVES HAVE BEEN ADVISED OF OR SHOULD HAVE BEEN AWARE OF THE POSSIBILITY OF ANY SUCH LOSSES ARISING.
2026-09-15T14:51:21.6649675Z 
2026-09-15T14:51:21.6649728Z 12. Indemnification
2026-09-15T14:51:21.6649805Z 
2026-09-15T14:51:21.6651011Z 12.1 To the maximum extent permitted by law, you agree to defend, indemnify and hold harmless Google, its affiliates and their respective directors, officers, employees and agents from and against any and all claims, actions, suits or proceedings, as well as any and all losses, liabilities, damages, costs and expenses (including reasonable attorneys fees) arising out of or accruing from (a) your use of the GDK, (b) any application you develop on the GDK that infringes any copyright, trademark, trade secret, trade dress, patent or other intellectual property right of any person or defames any person or violates their rights of publicity or privacy, and (c) any non-compliance by you with this License Agreement.
2026-09-15T14:51:21.6652255Z 
2026-09-15T14:51:21.6652397Z 13. Changes to the License Agreement
2026-09-15T14:51:21.6652501Z 
2026-09-15T14:51:21.6652879Z 13.1 Google may make changes to the License Agreement as it distributes new versions of the GDK. When these changes are made, Google will make a new version of the License Agreement available on the website where the GDK is made available.
2026-09-15T14:51:21.6653300Z 
2026-09-15T14:51:21.6653356Z 14. General Legal Terms
2026-09-15T14:51:21.6653438Z 
2026-09-15T14:51:21.6653942Z 14.1 This License Agreement constitutes the whole legal agreement between you and Google and governs your use of the GDK (excluding any services which Google may provide to you under a separate written agreement), and completely replaces any prior agreements between you and Google in relation to the GDK.
2026-09-15T14:51:21.6654494Z 
2026-09-15T14:51:21.6655091Z 14.2 You agree that if Google does not exercise or enforce any legal right or remedy which is contained in this License Agreement (or which Google has the benefit of under any applicable law), this will not be taken to be a formal waiver of Google's rights and that those rights or remedies will still be available to Google.
2026-09-15T14:51:21.6655655Z 
2026-09-15T14:51:21.6656223Z 14.3 If any court of law, having the jurisdiction to decide on this matter, rules that any provision of this License Agreement is invalid, then that provision will be removed from this License Agreement without affecting the rest of this License Agreement. The remaining provisions of this License Agreement will continue to be valid and enforceable.
2026-09-15T14:51:21.6656839Z 
2026-09-15T14:51:21.6657584Z 14.4 You acknowledge and agree that each member of the group of companies of which Google is the parent shall be third party beneficiaries to this License Agreement and that such other companies shall be entitled to directly enforce, and rely upon, any provision of this License Agreement that confers a benefit on (or rights in favor of) them. Other than this, no other person or company shall be third party beneficiaries to this License Agreement.
2026-09-15T14:51:21.6658359Z 
2026-09-15T14:51:21.6658793Z 14.5 EXPORT RESTRICTIONS. THE GDK IS SUBJECT TO UNITED STATES EXPORT LAWS AND REGULATIONS. YOU MUST COMPLY WITH ALL DOMESTIC AND INTERNATIONAL EXPORT LAWS AND REGULATIONS THAT APPLY TO THE GDK. THESE LAWS INCLUDE RESTRICTIONS ON DESTINATIONS, END USERS AND END USE.
2026-09-15T14:51:21.6659272Z 
2026-09-15T14:51:21.6659840Z 14.6 The rights granted in this License Agreement may not be assigned or transferred by either you or Google without the prior written approval of the other party. Neither you nor Google shall be permitted to delegate their responsibilities or obligations under this License Agreement without the prior written approval of the other party.
2026-09-15T14:51:21.6660545Z 
2026-09-15T14:51:21.6661478Z 14.7 This License Agreement, and your relationship with Google under this License Agreement, shall be governed by the laws of the State of California without regard to its conflict of laws provisions. You and Google agree to submit to the exclusive jurisdiction of the courts located within the county of Santa Clara, California to resolve any legal matter arising from this License Agreement. Notwithstanding this, you agree that Google shall still be allowed to apply for injunctive remedies (or an equivalent type of urgent legal relief) in any jurisdiction.
2026-09-15T14:51:21.6662458Z 
2026-09-15T14:51:21.6662507Z November 19, 2013
2026-09-15T14:51:21.6662640Z ---------------------------------------
2026-09-15T14:51:21.6662797Z Accept? (y/N): 
2026-09-15T14:51:21.6662942Z 6/6: License mips-android-sysimage-license:
2026-09-15T14:51:21.6663113Z ---------------------------------------
2026-09-15T14:51:21.6664293Z MIPS Technologies, Inc. (“MIPS”) Internal Evaluation License Agreement for MIPS Android™ System Images for Android Software Development Kit (SDK): This Internal Evaluation License Agreement (this "Agreement") is entered into by and between MIPS and you (as an individual developer or a legal entity -- identified below as “Recipient”). MIPS shall make the Evaluation Software available to Recipient as described in accordance with the terms and conditions set forth below.
2026-09-15T14:51:21.6665190Z 
2026-09-15T14:51:21.6666217Z By clicking on the “Accept” button, downloading, installing, or otherwise using the Evaluation Materials (defined below), you agree to be bound by the terms of this Agreement effective as of the date you click “Accept” (the “Effective Date”), and if doing so on behalf of an entity, you represent that you are authorized to bind the entity to the terms and conditions of this Agreement. If you do not agree to be bound by the terms and conditions of this Agreement, do not download, install, or use the Evaluation Materials.
2026-09-15T14:51:21.6667114Z 
2026-09-15T14:51:21.6667220Z 1. DEFINITIONS. These terms shall have the following meanings:
2026-09-15T14:51:21.6667368Z 
2026-09-15T14:51:21.6667689Z 1.1 “MIPS” shall mean MIPS Technologies, Inc., a Delaware corporation having a principal place of business at: 955 East Arques Ave., Sunnyvale, CA 94085
2026-09-15T14:51:21.6667987Z 
2026-09-15T14:51:21.6668295Z 1.2 “Evaluation Software” shall mean MIPS Android™ emulator system images for Android Software Development Kit (SDK), as made available to Recipient.
2026-09-15T14:51:21.6668591Z 
2026-09-15T14:51:21.6669227Z 1.3 “Evaluation Materials" means, collectively, the Evaluation Software (in source and/or object code form) and documentation (including, without limitation, any design documents, specifications, reference manuals, and other related materials) related to the Evaluation Software as made available to Recipient.
2026-09-15T14:51:21.6669806Z 
2026-09-15T14:51:21.6671826Z 1.4 “Open Source Software” means any software that requires (as a condition of use, modification and/or distribution of such software) that such software or other software incorporated into, derived from or distributed with such software (a) be disclosed or distributed in source code form; or (b) be licensed by the user to third parties for the purpose of making and/or distributing derivative works; or (c) be redistributable at no charge. Open Source Software includes, without limitation, software licensed or distributed under any of the following licenses or distribution models, or licenses or distribution models substantially similar to any of the following: (a) GNU’s General Public License (GPL) or Lesser/Library GPL (LGPL), (b) the Artistic License (e.g., PERL), (c) the Mozilla Public License, (d) the Netscape Public License, (e) the Sun Community Source License (SCSL), (f) the Sun Industry Source License (SISL), (g) the Apache Software license and (h) the Common Public License (CPL).
2026-09-15T14:51:21.6673607Z 
2026-09-15T14:51:21.6674201Z 1.5 “Pre-Release Materials” means “alpha” or “beta” designated pre-release features, which may not be fully functional, which MIPS may substantially modify in producing any production version of the Evaluation Materials, and/or which is still under development by MIPS and/or MIPS’ suppliers.
2026-09-15T14:51:21.6674726Z 
2026-09-15T14:51:21.6675728Z 2. PURPOSE. MIPS desires to make the Evaluation Materials available to Recipient solely for Recipient's internal evaluation of the Evaluation Software to evaluate the desirability of cooperating with MIPS in developing products that are compatible with the Evaluation Software and/or to advise MIPS as to possible modifications to the Evaluation Software. Recipient may not disclose, distribute, modify (except to facilitate the above-mentioned internal evaluation), or make commercial use of the Evaluation Materials or any modifications of the Evaluation Materials.
2026-09-15T14:51:21.6676711Z 
2026-09-15T14:51:21.6677506Z THE EVALUATION MATERIALS ARE PROVIDED FOR EVALUATION PURPOSES ONLY AND MAY NOT BE MODIFIED (EXCEPT TO FACILITATE THE INTERNAL EVALUATION) OR DISTRIBUTED BY RECIPIENT OR INCORPORATED INTO RECIPIENT’S PRODUCTS OR SOFTWARE. PLEASE CONTACT A MIPS SALES REPRESENTATIVE TO LEARN ABOUT THE AVAILABILITY AND COST OF A COMMERCIAL VERSION OF THE EVALUATION SOFTWARE.
2026-09-15T14:51:21.6678138Z 
2026-09-15T14:51:21.6678596Z 3. TITLE. Title to the Evaluation Materials remains with MIPS or its suppliers. Recipient shall not mortgage, pledge or encumber the Evaluation Materials in any way. Recipient shall return all Evaluation Materials, keeping no copies, upon termination or expiration of this Agreement.
2026-09-15T14:51:21.6679097Z 
2026-09-15T14:51:21.6681027Z 4. LICENSE. MIPS grants Recipient a royalty-free, personal, nontransferable, nonexclusive license under its copyrights to use the Evaluation Software only for the purposes described in paragraph 2 above and only for a period beginning on the Effective Date and extending to the first anniversary of the Effective Date (the “Evaluation Period”). Unless otherwise communicated in writing by MIPS to Recipient, to the extent the Evaluation Software is provided in more than one delivery or release (each, a “Release”) the license grant in this Section 4 and the Evaluation Period shall apply to each Release, in which case the Evaluation Period shall begin on the date that the Release is made generally available and continue to the first anniversary of such date. Recipient may not make modifications to the Evaluation Software. Recipient shall not disassemble, reverse-engineer, or decompile any software that is not provided to Recipient in source code form.
2026-09-15T14:51:21.6682658Z 
2026-09-15T14:51:21.6682661Z 
2026-09-15T14:51:21.6683211Z EXCEPT AS PROVIDED HEREIN, NO OTHER LICENSE, EXPRESS OR IMPLIED, BY ESTOPPEL OR OTHERWISE, TO ANY OTHER MIPS INTELLECTUAL PROPERTY RIGHTS IS GRANTED TO THE RECIPIENT. OTHER THAN AS EXPLICITLY SET FORTH IN PARAGRAPH 2 ABOVE, NO RIGHT TO COPY, TO REPRODUCE, TO MODIFY, OR TO CREATE DERIVATIVE WORKS OF, THE EVALUATION MATERIALS IS GRANTED HEREIN.
2026-09-15T14:51:21.6683808Z 
2026-09-15T14:51:21.6684244Z 5. NO OBLIGATION. Recipient shall have no duty to purchase or license any product from MIPS. MIPS and its suppliers shall have no obligation to provide support for, or develop a non-evaluation version of, the Evaluation Software or to license any version of it.
2026-09-15T14:51:21.6684705Z 
2026-09-15T14:51:21.6686708Z 6. MODIFICATIONS. This Agreement does not obligate Recipient to provide MIPS with comments or suggestions regarding Evaluation Materials. However, should Recipient provide MIPS with comments or suggestions for the modification, correction, improvement or enhancement of (a) the Evaluation Materials or (b) MIPS products or processes which may embody the Evaluation Materials, then Recipient agrees to grant and hereby grants to MIPS a non-exclusive, irrevocable, worldwide, fully paid-up, royalty-free license, with the right to sublicense MIPS’ licensees and customers, under Recipient’s Intellectual property rights, to use and disclose such comments and suggestions in any manner MIPS chooses and to display, perform, copy, make, have made, use, sell, offer to sell, import, and otherwise dispose of MIPS’ and its sublicensee’s products embodying such comments and suggestions in any manner and via any media MIPS chooses, without reference to the source.
2026-09-15T14:51:21.6688459Z 
2026-09-15T14:51:21.6689343Z 7. WARRANTY DISCLAIMER. MIPS AND ITS SUPPLIERS MAKE NO WARRANTIES WITH RESPECT TO EVALUATION MATERIALS, EITHER EXPRESS OR IMPLIED, INCLUDING ANY IMPLIED WARRANTIES OF MERCHANTABILITY OR FITNESS FOR A PARTICULAR PURPOSE, OR ANY IMPLIED WARRANTY OF NONINFRINGEMENT WITH RESPECT TO THIRD PARTY INTELLECTUAL PROPERTY. RECIPIENT ACKNOWLEDGES AND AGREES THAT THE EVALUATION MATERIALS ARE PROVIDED “AS IS,” WITHOUT WARRANTY OF ANY KIND.
2026-09-15T14:51:21.6690133Z 
2026-09-15T14:51:21.6691164Z 8. LIMITATION OF LIABILITY. MIPS AND ITS SUPPLIERS SHALL NOT BE LIABLE FOR ANY PROPERTY DAMAGE, PERSONAL INJURY, LOSS OF PROFITS, INTERRUPTION OF BUSINESS OR FOR ANY DIRECT, INDIRECT, SPECIAL, CONSEQUENTIAL OR INCIDENTAL DAMAGES, HOWEVER CAUSED OR ALLEGED, WHETHER FOR BREACH OF WARRANTY, CONTRACT, STRICT LIABILITY OR OTHERWISE, INCLUDING WITHOUT LIMITATION, UNDER TORT OR OTHER LEGAL THEORY. MIPS AND ITS SUPPLIERS DISCLAIM ANY AND ALL LIABILITY, INCLUDING LIABILITY FOR INFRINGEMENT OF ANY INTELLECTUAL PROPERTY RIGHTS OF ANY KIND RELATING TO THE EVALUATION MATERIALS.
2026-09-15T14:51:21.6692156Z 
2026-09-15T14:51:21.6692535Z 9. EXPIRATION. MIPS may terminate this Agreement immediately after a breach by Recipient or otherwise at MIPS’ reasonable discretion and upon five (5) business days’ notice to Recipient.
2026-09-15T14:51:21.6692882Z 
2026-09-15T14:51:21.6692932Z 10. GENERAL.
2026-09-15T14:51:21.6693007Z 
2026-09-15T14:51:21.6694692Z 10.1 Controlling Law. This Agreement shall be governed by California law excluding its choice of law rules. With the exception of MIPS’ rights to enforce its intellectual property rights and any confidentiality obligations under this Agreement or any licenses distributed with the Evaluation Materials, all disputes and any claims arising under or relating to this Agreement shall be subject to the exclusive jurisdiction and venue of the state and federal courts located in Santa Clara County, California. Each party hereby agrees to jurisdiction and venue in the courts set forth in the preceding sentence. The parties agree that the United Nations Convention on Contracts for the International Sale of Goods is specifically excluded from application to this Agreement. The parties consent to the personal jurisdiction of the above courts.
2026-09-15T14:51:21.6696201Z 
2026-09-15T14:51:21.6697000Z 10.2 Remedies. Recipient acknowledges and agrees that any breach of confidentiality obligations under this Agreement or any licenses distributed with the Evaluation Materials, as well as any disclosure, commercialization, or public use of the Evaluation Materials, would cause irreparable injury to MIPS, and therefore Recipient agrees to consent to, and hereby consents to, the grant of an injunction by any court of competent jurisdiction in the event of an actual or threatened breach.
2026-09-15T14:51:21.6697843Z 
2026-09-15T14:51:21.6698889Z 10.3 Assignment. Recipient may not delegate, assign or transfer this Agreement, the license granted or any of Recipient’s rights, obligations, or duties hereunder, expressly, by implication, by operation of law, by way of merger (regardless of whether Recipient is the surviving entity) or acquisition, or otherwise and any attempt to do so, without MIPS’ express prior written consent, shall be ineffective, null and void. MIPS may freely assign this Agreement, and its rights and obligations hereunder, in its sole discretion.
2026-09-15T14:51:21.6699876Z 
2026-09-15T14:51:21.6700638Z 10.4 Entire Agreement. This Agreement constitutes the entire agreement between Recipient and MIPS and supersedes in their entirety any and all oral or written agreements previously existing between Recipient and MIPS with respect to the subject matter hereof. This Agreement may only be amended or supplemented by a writing that refers explicitly to this Agreement and that is signed or otherwise accepted by duly authorized representatives of Recipient and MIPS.
2026-09-15T14:51:21.6701441Z 
2026-09-15T14:51:21.6702188Z 10.5 Severability. In the event that any provision of this Agreement is finally adjudicated to be unenforceable or invalid under any applicable law, such unenforceability or invalidity shall not render this Agreement unenforceable or invalid as a whole, and, in such event, such unenforceable or invalid provision shall be interpreted so as to best accomplish the objectives of such provision within the limits of applicable law or applicable court decisions.
2026-09-15T14:51:21.6702979Z 
2026-09-15T14:51:21.6705504Z 10.6 Export Regulations / Export Control. Recipient shall not export, either directly or indirectly, any product, service or technical data or system incorporating the Evaluation Materials without first obtaining any required license or other necessary approval from the U.S. Department of Commerce or any other governing agency or department of the United States Government. In the event any product is exported from the United States or re-exported from a foreign destination by Recipient, Recipient shall ensure that the distribution and export/re-export or import of the product is in compliance with all applicable laws, regulations, orders, or other restrictions of the U.S. Export Administration Regulations and the appropriate foreign government. Recipient agrees that neither it nor any of its subsidiaries will export/re-export any technical data, process, product, or service, directly or indirectly, to any country for which the United States government or any agency thereof or the foreign government from where it is shipping requires an export license, or other governmental approval, without first obtaining such license or approval. Recipient also agrees to implement measures to ensure that foreign national employees are authorized to receive any information controlled by U.S. export control laws. An export is "deemed" to take place when information is released to a foreign national wherever located.
2026-09-15T14:51:21.6708027Z 
2026-09-15T14:51:21.6709898Z 10.7 Special Terms for Pre-Release Materials. If so indicated in the description of the Evaluation Software, the Evaluation Software may contain Pre-Release Materials. Recipient hereby understands, acknowledges and agrees that: (i) Pre-Release Materials may not be fully tested and may contain bugs or errors; (ii) Pre-Release materials are not suitable for commercial release in their current state; (iii) regulatory approvals for Pre-Release Materials (such as UL or FCC) have not been obtained, and Pre-Release Materials may therefore not be certified for use in certain countries or environments or may not be suitable for certain applications and (iv) MIPS can provide no assurance that it will ever produce or make generally available a production version of the Pre-Release Materials . MIPS is not under any obligation to develop and/or release or offer for sale or license a final product based upon the Pre-Release Materials and may unilaterally elect to abandon the Pre-Release Materials or any such development platform at any time and without any obligation or liability whatsoever to Recipient or any other person.
2026-09-15T14:51:21.6711889Z 
2026-09-15T14:51:21.6712238Z ANY PRE-RELEASE MATERIALS ARE NON-QUALIFIED AND, AS SUCH, ARE PROVIDED “AS IS” AND “AS AVAILABLE”, POSSIBLY WITH FAULTS, AND WITHOUT REPRESENTATION OR WARRANTY OF ANY KIND.
2026-09-15T14:51:21.6712556Z 
2026-09-15T14:51:21.6713607Z 10.8 Open Source Software. In the event Open Source software is included with Evaluation Software, such Open Source software is licensed pursuant to the applicable Open Source software license agreement identified in the Open Source software comments in the applicable source code file(s) and/or file header as indicated in the Evaluation Software. Additional detail may be available (where applicable) in the accompanying on-line documentation. With respect to the Open Source software, nothing in this Agreement limits any rights under, or grants rights that supersede, the terms of any applicable Open Source software license agreement.
2026-09-15T14:51:21.6714832Z ---------------------------------------
2026-09-15T14:51:21.6715113Z Accept? (y/N): All SDK package licenses accepted
2026-09-15T14:51:21.6715235Z 
2026-09-15T14:51:21.6841839Z yes: standard output: Broken pipe
2026-09-15T14:51:22.1874620Z Loading package information...                                                  
2026-09-15T14:51:22.2596378Z Loading local repository...                                                     
2026-09-15T14:51:22.2596737Z [                                       ] 3% Loading local repository...        
2026-09-15T14:51:22.2676355Z [                                       ] 3% Fetch remote repository...         
2026-09-15T14:51:22.4504773Z [=                                      ] 3% Fetch remote repository...         
2026-09-15T14:51:22.4939995Z [=                                      ] 4% Fetch remote repository...         
2026-09-15T14:51:22.5122022Z [=                                      ] 5% Fetch remote repository...         
2026-09-15T14:51:22.5384947Z [==                                     ] 5% Fetch remote repository...         
2026-09-15T14:51:22.5806730Z [==                                     ] 6% Fetch remote repository...         
2026-09-15T14:51:22.6405720Z [==                                     ] 7% Fetch remote repository...         
2026-09-15T14:51:22.6436235Z [==                                     ] 7% Computing updates...               
2026-09-15T14:51:22.6473144Z [===                                    ] 8% Computing updates...               
2026-09-15T14:51:22.6570057Z [===                                    ] 10% Computing updates...              
2026-09-15T14:51:23.1128415Z [===                                    ] 10% Installing NDK (Side by side) 25.2
2026-09-15T14:51:23.2566309Z [===                                    ] 10% Downloading android-ndk-r25c-linux
2026-09-15T14:51:23.3113083Z [====                                   ] 10% Downloading android-ndk-r25c-linux
2026-09-15T14:51:23.4380335Z [====                                   ] 11% Downloading android-ndk-r25c-linux
2026-09-15T14:51:23.6169208Z [====                                   ] 12% Downloading android-ndk-r25c-linux
2026-09-15T14:51:23.8178254Z [=====                                  ] 13% Downloading android-ndk-r25c-linux
2026-09-15T14:51:23.9454096Z [=====                                  ] 14% Downloading android-ndk-r25c-linux
2026-09-15T14:51:24.1048744Z [=====                                  ] 15% Downloading android-ndk-r25c-linux
2026-09-15T14:51:24.2126513Z [======                                 ] 15% Downloading android-ndk-r25c-linux
2026-09-15T14:51:24.3571474Z [======                                 ] 16% Downloading android-ndk-r25c-linux
2026-09-15T14:51:24.5189791Z [======                                 ] 17% Downloading android-ndk-r25c-linux
2026-09-15T14:51:24.6241272Z [=======                                ] 18% Downloading android-ndk-r25c-linux
2026-09-15T14:51:24.7471652Z [=======                                ] 19% Downloading android-ndk-r25c-linux
2026-09-15T14:51:24.8281515Z [=======                                ] 20% Downloading android-ndk-r25c-linux
2026-09-15T14:51:24.8869612Z [========                               ] 20% Downloading android-ndk-r25c-linux
2026-09-15T14:51:25.0007276Z [========                               ] 21% Downloading android-ndk-r25c-linux
2026-09-15T14:51:25.1887238Z [========                               ] 22% Downloading android-ndk-r25c-linux
2026-09-15T14:51:25.3343669Z [=========                              ] 23% Downloading android-ndk-r25c-linux
2026-09-15T14:51:25.5083251Z [=========                              ] 24% Downloading android-ndk-r25c-linux
2026-09-15T14:51:25.6577473Z [=========                              ] 25% Downloading android-ndk-r25c-linux
2026-09-15T14:51:25.8010223Z [==========                             ] 25% Downloading android-ndk-r25c-linux
2026-09-15T14:51:26.0068837Z [==========                             ] 26% Downloading android-ndk-r25c-linux
2026-09-15T14:51:26.2413920Z [==========                             ] 27% Downloading android-ndk-r25c-linux
2026-09-15T14:51:26.3933437Z [===========                            ] 28% Downloading android-ndk-r25c-linux
2026-09-15T14:51:26.5530674Z [===========                            ] 29% Downloading android-ndk-r25c-linux
2026-09-15T14:51:26.6121104Z [===========                            ] 30% Downloading android-ndk-r25c-linux
2026-09-15T14:51:26.7754782Z [============                           ] 30% Downloading android-ndk-r25c-linux
2026-09-15T14:51:26.9818660Z [============                           ] 31% Downloading android-ndk-r25c-linux
2026-09-15T14:51:27.1061702Z [============                           ] 32% Downloading android-ndk-r25c-linux
2026-09-15T14:51:27.1064354Z [============                           ] 33% Downloading android-ndk-r25c-linux
2026-09-15T14:51:27.4618611Z [============                           ] 33% Unzipping...                      
2026-09-15T14:51:27.4619901Z [============                           ] 33% Unzipping... android-ndk-r25c/    
2026-09-15T14:51:27.4634807Z [============                           ] 33% Unzipping... android-ndk-r25c/CHAN
2026-09-15T14:51:27.4636258Z [=============                          ] 33% Unzipping... android-ndk-r25c/CHAN
2026-09-15T14:51:27.4641849Z [=============                          ] 33% Unzipping... android-ndk-r25c/wrap
2026-09-15T14:51:27.5678556Z [=============                          ] 33% Unzipping... android-ndk-r25c/preb
2026-09-15T14:51:27.6008104Z [=============                          ] 33% Unzipping... android-ndk-r25c/buil
2026-09-15T14:51:27.6023937Z [=============                          ] 33% Unzipping... android-ndk-r25c/NOTI
2026-09-15T14:51:27.6027024Z [=============                          ] 33% Unzipping... android-ndk-r25c/ndk-
2026-09-15T14:51:27.6052614Z [=============                          ] 33% Unzipping... android-ndk-r25c/NOTI
2026-09-15T14:51:27.6057870Z [=============                          ] 33% Unzipping... android-ndk-r25c/meta
2026-09-15T14:51:27.6061504Z [=============                          ] 33% Unzipping... android-ndk-r25c/ndk-
2026-09-15T14:51:27.6083563Z [=============                          ] 33% Unzipping... android-ndk-r25c/pyth
2026-09-15T14:51:28.0118619Z [=============                          ] 33% Unzipping... android-ndk-r25c/sour
2026-09-15T14:51:28.1473689Z [=============                          ] 33% Unzipping... android-ndk-r25c/simp
2026-09-15T14:51:28.2363990Z [=============                          ] 34% Unzipping... android-ndk-r25c/simp
2026-09-15T14:51:28.2367848Z [=============                          ] 34% Unzipping... android-ndk-r25c/ndk-
2026-09-15T14:51:28.2368353Z [=============                          ] 34% Unzipping... android-ndk-r25c/READ
2026-09-15T14:51:28.4409617Z [=============                          ] 34% Unzipping... android-ndk-r25c/tool
2026-09-15T14:51:28.7893358Z [=============                          ] 35% Unzipping... android-ndk-r25c/tool
2026-09-15T14:51:29.0296113Z [==============                         ] 35% Unzipping... android-ndk-r25c/tool
2026-09-15T14:51:29.5061263Z [==============                         ] 36% Unzipping... android-ndk-r25c/tool
2026-09-15T14:51:29.8663970Z [==============                         ] 37% Unzipping... android-ndk-r25c/tool
2026-09-15T14:51:30.2184695Z [===============                        ] 38% Unzipping... android-ndk-r25c/tool
2026-09-15T14:51:30.6759826Z [===============                        ] 39% Unzipping... android-ndk-r25c/tool
2026-09-15T14:51:30.8091540Z [===============                        ] 40% Unzipping... android-ndk-r25c/tool
2026-09-15T14:51:30.9326877Z [================                       ] 40% Unzipping... android-ndk-r25c/tool
2026-09-15T14:51:31.8742708Z [================                       ] 41% Unzipping... android-ndk-r25c/tool
2026-09-15T14:51:33.3962445Z [================                       ] 42% Unzipping... android-ndk-r25c/tool
2026-09-15T14:51:34.6374371Z [=================                      ] 43% Unzipping... android-ndk-r25c/tool
2026-09-15T14:51:36.1071700Z [=================                      ] 44% Unzipping... android-ndk-r25c/tool
2026-09-15T14:51:36.4595804Z [=================                      ] 45% Unzipping... android-ndk-r25c/tool
2026-09-15T14:51:36.5842847Z [==================                     ] 45% Unzipping... android-ndk-r25c/tool
2026-09-15T14:51:37.0687006Z [==================                     ] 46% Unzipping... android-ndk-r25c/tool
2026-09-15T14:51:37.4441249Z [==================                     ] 47% Unzipping... android-ndk-r25c/tool
2026-09-15T14:51:38.2727825Z [===================                    ] 48% Unzipping... android-ndk-r25c/tool
2026-09-15T14:51:38.5844075Z [===================                    ] 49% Unzipping... android-ndk-r25c/tool
2026-09-15T14:51:38.6620164Z [===================                    ] 50% Unzipping... android-ndk-r25c/tool
2026-09-15T14:51:39.6452785Z [====================                   ] 50% Unzipping... android-ndk-r25c/tool
2026-09-15T14:51:39.8919224Z [====================                   ] 51% Unzipping... android-ndk-r25c/tool
2026-09-15T14:51:40.5909366Z [====================                   ] 52% Unzipping... android-ndk-r25c/tool
2026-09-15T14:51:40.8053946Z [=====================                  ] 53% Unzipping... android-ndk-r25c/tool
2026-09-15T14:51:41.7718912Z [=====================                  ] 54% Unzipping... android-ndk-r25c/tool
2026-09-15T14:51:42.1667694Z [=====================                  ] 55% Unzipping... android-ndk-r25c/tool
2026-09-15T14:51:42.1668114Z [=====================                  ] 55% Unzipping... android-ndk-r25c/ndk-
2026-09-15T14:51:42.3598595Z [=====================                  ] 55% Unzipping... android-ndk-r25c/shad
2026-09-15T14:51:42.3599261Z [=======================================] 100% Unzipping... android-ndk-r25c/sha
2026-09-15T14:51:44.5911228Z 
2026-09-15T14:51:44.7447721Z ##[group]Run echo "ANDROID_NDK_HOME=$ANDROID_HOME/ndk/25.2.9519653" >> $GITHUB_ENV
2026-09-15T14:51:44.7448033Z [36;1mecho "ANDROID_NDK_HOME=$ANDROID_HOME/ndk/25.2.9519653" >> $GITHUB_ENV[0m
2026-09-15T14:51:44.7477872Z shell: /usr/bin/bash -e {0}
2026-09-15T14:51:44.7478015Z env:
2026-09-15T14:51:44.7478185Z   JAVA_HOME: /opt/hostedtoolcache/Java_Temurin-Hotspot_jdk/17.0.20-1/x64
2026-09-15T14:51:44.7478451Z   JAVA_HOME_17_X64: /opt/hostedtoolcache/Java_Temurin-Hotspot_jdk/17.0.20-1/x64
2026-09-15T14:51:44.7478658Z   MAVEN_ARGS: -ntp
2026-09-15T14:51:44.7478792Z   CARGO_HOME: /home/runner/.cargo
2026-09-15T14:51:44.7478935Z   CARGO_INCREMENTAL: 0
2026-09-15T14:51:44.7479058Z   CARGO_TERM_COLOR: always
2026-09-15T14:51:44.7479187Z ##[endgroup]
2026-09-15T14:51:44.7635808Z ##[group]Run ls -lh app/src/main/assets/rootfs.7z
2026-09-15T14:51:44.7636228Z [36;1mls -lh app/src/main/assets/rootfs.7z[0m
2026-09-15T14:51:44.7636471Z [36;1mfile app/src/main/assets/rootfs.7z[0m
2026-09-15T14:51:44.7664574Z shell: /usr/bin/bash -e {0}
2026-09-15T14:51:44.7664836Z env:
2026-09-15T14:51:44.7665220Z   JAVA_HOME: /opt/hostedtoolcache/Java_Temurin-Hotspot_jdk/17.0.20-1/x64
2026-09-15T14:51:44.7665584Z   JAVA_HOME_17_X64: /opt/hostedtoolcache/Java_Temurin-Hotspot_jdk/17.0.20-1/x64
2026-09-15T14:51:44.7677702Z   MAVEN_ARGS: -ntp
2026-09-15T14:51:44.7677896Z   CARGO_HOME: /home/runner/.cargo
2026-09-15T14:51:44.7678105Z   CARGO_INCREMENTAL: 0
2026-09-15T14:51:44.7678282Z   CARGO_TERM_COLOR: always
2026-09-15T14:51:44.7678532Z   ANDROID_NDK_HOME: /usr/local/lib/android/sdk/ndk/25.2.9519653
2026-09-15T14:51:44.7678964Z ##[endgroup]
2026-09-15T14:51:44.7965383Z -rw-r--r-- 1 runner runner 193M Sep 15 14:50 app/src/main/assets/rootfs.7z
2026-09-15T14:51:44.8581649Z app/src/main/assets/rootfs.7z: 7-zip archive data, version 0.4
2026-09-15T14:51:44.8612265Z ##[group]Run # Prepare output directory
2026-09-15T14:51:44.8612598Z [36;1m# Prepare output directory[0m
2026-09-15T14:51:44.8612902Z [36;1mmkdir -p app/src/main/jniLibs/arm64-v8a[0m
2026-09-15T14:51:44.8613167Z [36;1m# Install 7z[0m
2026-09-15T14:51:44.8613388Z [36;1msudo apt-get install -y p7zip-full[0m
2026-09-15T14:51:44.8613715Z [36;1m# Extract just the rootfs/init file (rootfs/init in the 7z)[0m
2026-09-15T14:51:44.8614033Z [36;1mcd app/src/main/assets[0m
2026-09-15T14:51:44.8614322Z [36;1m7z x -y rootfs.7z "rootfs/init" -o/tmp/rootfs_extract[0m
2026-09-15T14:51:44.8614748Z [36;1m# Copy init to jniLibs so it gets packaged with exec permissions via APK install[0m
2026-09-15T14:51:44.8615430Z [36;1mcp /tmp/rootfs_extract/rootfs/init ../jniLibs/arm64-v8a/libtwoyi_init.so[0m
2026-09-15T14:51:44.8615811Z [36;1mls -la ../jniLibs/arm64-v8a/libtwoyi_init.so[0m
2026-09-15T14:51:44.8616196Z [36;1mecho "init extracted: $(file ../jniLibs/arm64-v8a/libtwoyi_init.so)"[0m
2026-09-15T14:51:44.8652503Z shell: /usr/bin/bash -e {0}
2026-09-15T14:51:44.8652659Z env:
2026-09-15T14:51:44.8652841Z   JAVA_HOME: /opt/hostedtoolcache/Java_Temurin-Hotspot_jdk/17.0.20-1/x64
2026-09-15T14:51:44.8653119Z   JAVA_HOME_17_X64: /opt/hostedtoolcache/Java_Temurin-Hotspot_jdk/17.0.20-1/x64
2026-09-15T14:51:44.8653328Z   MAVEN_ARGS: -ntp
2026-09-15T14:51:44.8653457Z   CARGO_HOME: /home/runner/.cargo
2026-09-15T14:51:44.8653603Z   CARGO_INCREMENTAL: 0
2026-09-15T14:51:44.8653728Z   CARGO_TERM_COLOR: always
2026-09-15T14:51:44.8653905Z   ANDROID_NDK_HOME: /usr/local/lib/android/sdk/ndk/25.2.9519653
2026-09-15T14:51:44.8654091Z ##[endgroup]
2026-09-15T14:51:46.6950094Z Reading package lists...
2026-09-15T14:51:46.8613420Z Building dependency tree...
2026-09-15T14:51:46.8803960Z Reading state information...
2026-09-15T14:51:47.0176191Z p7zip-full is already the newest version (16.02+transitional.1).
2026-09-15T14:51:47.0176517Z 0 upgraded, 0 newly installed, 0 to remove and 1 not upgraded.
2026-09-15T14:51:47.2911497Z 
2026-09-15T14:51:47.2912151Z 7-Zip 23.01 (x64) : Copyright (c) 1999-2023 Igor Pavlov : 2023-06-20
2026-09-15T14:51:47.2912594Z  64-bit locale=C.UTF-8 Threads:4 OPEN_MAX:65536
2026-09-15T14:51:47.2912774Z 
2026-09-15T14:51:47.2912848Z Scanning the drive for archives:
2026-09-15T14:51:47.2913022Z 1 file, 202007512 bytes (193 MiB)
2026-09-15T14:51:47.2913135Z 
2026-09-15T14:51:47.2913202Z Extracting archive: rootfs.7z
2026-09-15T14:51:47.3120499Z --
2026-09-15T14:51:47.3120694Z Path = rootfs.7z
2026-09-15T14:51:47.3120838Z Type = 7z
2026-09-15T14:51:47.3120969Z Physical Size = 202007512
2026-09-15T14:51:47.3121120Z Headers Size = 23409
2026-09-15T14:51:47.3121245Z Method = LZMA2:24
2026-09-15T14:51:47.3121439Z Solid = +
2026-09-15T14:51:47.3121603Z Blocks = 1
2026-09-15T14:51:47.3121695Z 
2026-09-15T14:51:47.3121785Z Everything is Ok
2026-09-15T14:51:47.3121868Z 
2026-09-15T14:51:47.3121915Z Files: 7
2026-09-15T14:51:47.3122021Z Size:       1328800
2026-09-15T14:51:47.3122152Z Compressed: 202007512
2026-09-15T14:51:47.3153709Z -rwxr-x--- 1 runner runner 1327808 Sep 15 14:51 ../jniLibs/arm64-v8a/libtwoyi_init.so
2026-09-15T14:51:47.3300850Z init extracted: ../jniLibs/arm64-v8a/libtwoyi_init.so: ELF 64-bit LSB executable, ARM aarch64, version 1 (SYSV), statically linked, BuildID[md5/uuid]=f72b0bb6f1b71d07df4acda12e11ac0e, stripped
2026-09-15T14:51:47.3320748Z ##[group]Run # Compile as executable (not shared object) to get correct ELF TLS alignment
2026-09-15T14:51:47.3321085Z [36;1m# Compile as executable (not shared object) to get correct ELF TLS alignment[0m
2026-09-15T14:51:47.3321367Z [36;1m# The twoyi loader handles ELF binaries in rootfs via execve interception[0m
2026-09-15T14:51:47.3321688Z [36;1m$ANDROID_NDK_HOME/toolchains/llvm/prebuilt/linux-x86_64/bin/aarch64-linux-android24-clang \[0m
2026-09-15T14:51:47.3322052Z [36;1m  -o /tmp/hal_stub \[0m
2026-09-15T14:51:47.3322198Z [36;1m  app/src/main/cpp/hal_stub.c[0m
2026-09-15T14:51:47.3322422Z [36;1m# Rename to .so for Android package installer (only extracts .so from jniLibs)[0m
2026-09-15T14:51:47.3322698Z [36;1mcp /tmp/hal_stub app/src/main/jniLibs/arm64-v8a/libtwoyi_hal_stub.so[0m
2026-09-15T14:51:47.3322951Z [36;1mchmod +x app/src/main/jniLibs/arm64-v8a/libtwoyi_hal_stub.so[0m
2026-09-15T14:51:47.3323200Z [36;1mfile app/src/main/jniLibs/arm64-v8a/libtwoyi_hal_stub.so[0m
2026-09-15T14:51:47.3352305Z shell: /usr/bin/bash -e {0}
2026-09-15T14:51:47.3352439Z env:
2026-09-15T14:51:47.3352607Z   JAVA_HOME: /opt/hostedtoolcache/Java_Temurin-Hotspot_jdk/17.0.20-1/x64
2026-09-15T14:51:47.3352871Z   JAVA_HOME_17_X64: /opt/hostedtoolcache/Java_Temurin-Hotspot_jdk/17.0.20-1/x64
2026-09-15T14:51:47.3353072Z   MAVEN_ARGS: -ntp
2026-09-15T14:51:47.3353205Z   CARGO_HOME: /home/runner/.cargo
2026-09-15T14:51:47.3353343Z   CARGO_INCREMENTAL: 0
2026-09-15T14:51:47.3353466Z   CARGO_TERM_COLOR: always
2026-09-15T14:51:47.3353635Z   ANDROID_NDK_HOME: /usr/local/lib/android/sdk/ndk/25.2.9519653
2026-09-15T14:51:47.3353816Z ##[endgroup]
2026-09-15T14:51:47.3670836Z app/src/main/jniLibs/arm64-v8a/libtwoyi_hal_stub.so: ELF 64-bit LSB pie executable, ARM aarch64, version 1 (SYSV), dynamically linked, interpreter /system/bin/linker64, not stripped
2026-09-15T14:51:47.3690107Z ##[group]Run sudo apt-get install -y cmake ninja-build
2026-09-15T14:51:47.3690354Z [36;1msudo apt-get install -y cmake ninja-build[0m
2026-09-15T14:51:47.3690525Z [36;1mfor i in 1 2 3 4 5; do[0m
2026-09-15T14:51:47.3690773Z [36;1m  git clone --depth 1 https://github.com/google/swiftshader.git /tmp/swiftshader && break[0m
2026-09-15T14:51:47.3691047Z [36;1m  echo "Clone attempt $i failed, retrying..."[0m
2026-09-15T14:51:47.3691224Z [36;1m  rm -rf /tmp/swiftshader[0m
2026-09-15T14:51:47.3691372Z [36;1m  sleep 15[0m
2026-09-15T14:51:47.3691490Z [36;1mdone[0m
2026-09-15T14:51:47.3691689Z [36;1mif [ ! -d /tmp/swiftshader ]; then echo "SwiftShader clone failed, skipping"; exit 0; fi[0m
2026-09-15T14:51:47.3692068Z [36;1mfind /tmp/swiftshader -name "CMakeLists.txt" -exec grep -l "Platform does not support Vulkan yet" {} \; | while read f; do[0m
2026-09-15T14:51:47.3692456Z [36;1m  LINE_NUM=$(grep -n "Platform does not support Vulkan yet" "$f" | head -1 | cut -d: -f1)[0m
2026-09-15T14:51:47.3692738Z [36;1m  [ -n "$LINE_NUM" ] && sed -i "${LINE_NUM}s/FATAL_ERROR/WARNING/" "$f"[0m
2026-09-15T14:51:47.3692927Z [36;1mdone[0m
2026-09-15T14:51:47.3693094Z [36;1mmkdir -p /tmp/swiftshader/build && cd /tmp/swiftshader/build[0m
2026-09-15T14:51:47.3693291Z [36;1mcmake .. -GNinja \[0m
2026-09-15T14:51:47.3693514Z [36;1m  -DCMAKE_TOOLCHAIN_FILE=$ANDROID_NDK_HOME/build/cmake/android.toolchain.cmake \[0m
2026-09-15T14:51:47.3693754Z [36;1m  -DANDROID_ABI=arm64-v8a \[0m
2026-09-15T14:51:47.3693913Z [36;1m  -DANDROID_PLATFORM=android-27 \[0m
2026-09-15T14:51:47.3694077Z [36;1m  -DCMAKE_BUILD_TYPE=Release \[0m
2026-09-15T14:51:47.3694234Z [36;1m  -DSWIFTSHADER_BUILD_TESTS=OFF \[0m
2026-09-15T14:51:47.3694401Z [36;1m  -DSWIFTSHADER_BUILD_BENCHMARKS=OFF \[0m
2026-09-15T14:51:47.3694571Z [36;1m  -DREACTOR_BACKEND=Interpreter \[0m
2026-09-15T14:51:47.3694732Z [36;1m  -DSWIFTSHADER_ENABLE_ASTC=OFF[0m
2026-09-15T14:51:47.3694931Z [36;1mninja || echo "SwiftShader build failed, continuing without it"[0m
2026-09-15T14:51:47.3695610Z [36;1mfind . \( -name "libEGL_swiftshader.so" -o -name "libGLESv2_swiftshader.so" -o -name "libGLESv1_CM_swiftshader.so" \) \[0m
2026-09-15T14:51:47.3695954Z [36;1m  -exec cp {} $GITHUB_WORKSPACE/app/src/main/jniLibs/arm64-v8a/ \;[0m
2026-09-15T14:51:47.3696295Z [36;1mls -la $GITHUB_WORKSPACE/app/src/main/jniLibs/arm64-v8a/lib*swiftshader* 2>/dev/null || echo "SwiftShader not built"[0m
2026-09-15T14:51:47.3723797Z shell: /usr/bin/bash -e {0}
2026-09-15T14:51:47.3724055Z env:
2026-09-15T14:51:47.3724225Z   JAVA_HOME: /opt/hostedtoolcache/Java_Temurin-Hotspot_jdk/17.0.20-1/x64
2026-09-15T14:51:47.3724487Z   JAVA_HOME_17_X64: /opt/hostedtoolcache/Java_Temurin-Hotspot_jdk/17.0.20-1/x64
2026-09-15T14:51:47.3724692Z   MAVEN_ARGS: -ntp
2026-09-15T14:51:47.3724821Z   CARGO_HOME: /home/runner/.cargo
2026-09-15T14:51:47.3724960Z   CARGO_INCREMENTAL: 0
2026-09-15T14:51:47.3725253Z   CARGO_TERM_COLOR: always
2026-09-15T14:51:47.3725428Z   ANDROID_NDK_HOME: /usr/local/lib/android/sdk/ndk/25.2.9519653
2026-09-15T14:51:47.3725616Z ##[endgroup]
2026-09-15T14:51:47.3912172Z Reading package lists...
2026-09-15T14:51:47.5489366Z Building dependency tree...
2026-09-15T14:51:47.5494768Z Reading state information...
2026-09-15T14:51:47.6943350Z The following additional packages will be installed:
2026-09-15T14:51:47.6950326Z   cmake-data libjsoncpp25 librhash0
2026-09-15T14:51:47.6955815Z Suggested packages:
2026-09-15T14:51:47.6956037Z   cmake-doc cmake-format elpa-cmake-mode
2026-09-15T14:51:47.7105758Z The following NEW packages will be installed:
2026-09-15T14:51:47.7110700Z   cmake cmake-data libjsoncpp25 librhash0 ninja-build
2026-09-15T14:51:47.7252485Z 0 upgraded, 5 newly installed, 0 to remove and 1 not upgraded.
2026-09-15T14:51:47.7252729Z Need to get 13.7 MB of archives.
2026-09-15T14:51:47.7252931Z After this operation, 49.5 MB of additional disk space will be used.
2026-09-15T14:51:47.7253184Z Get:1 file:/etc/apt/apt-mirrors.txt Mirrorlist [144 B]
2026-09-15T14:51:47.8029302Z Get:2 http://azure.archive.ubuntu.com/ubuntu noble/main amd64 libjsoncpp25 amd64 1.9.5-6build1 [82.8 kB]
2026-09-15T14:51:47.8552518Z Get:3 http://azure.archive.ubuntu.com/ubuntu noble/main amd64 librhash0 amd64 1.4.3-3build1 [129 kB]
2026-09-15T14:51:47.9021551Z Get:4 http://azure.archive.ubuntu.com/ubuntu noble/main amd64 cmake-data all 3.28.3-1build7 [2155 kB]
2026-09-15T14:51:47.9597977Z Get:5 http://azure.archive.ubuntu.com/ubuntu noble/main amd64 cmake amd64 3.28.3-1build7 [11.2 MB]
2026-09-15T14:51:48.1597486Z Get:6 http://azure.archive.ubuntu.com/ubuntu noble/universe amd64 ninja-build amd64 1.11.1-2 [129 kB]
2026-09-15T14:51:48.3565703Z Fetched 13.7 MB in 0s (30.8 MB/s)
2026-09-15T14:51:48.5830493Z Selecting previously unselected package libjsoncpp25:amd64.
2026-09-15T14:51:48.6204326Z (Reading database ... 
2026-09-15T14:51:48.6204548Z (Reading database ... 5%
2026-09-15T14:51:48.6204767Z (Reading database ... 10%
2026-09-15T14:51:48.6205200Z (Reading database ... 15%
2026-09-15T14:51:48.6205452Z (Reading database ... 20%
2026-09-15T14:51:48.6205673Z (Reading database ... 25%
2026-09-15T14:51:48.6205877Z (Reading database ... 30%
2026-09-15T14:51:48.6206080Z (Reading database ... 35%
2026-09-15T14:51:48.6206281Z (Reading database ... 40%
2026-09-15T14:51:48.6206484Z (Reading database ... 45%
2026-09-15T14:51:48.6206684Z (Reading database ... 50%
2026-09-15T14:51:48.6498371Z (Reading database ... 55%
2026-09-15T14:51:48.7889758Z (Reading database ... 60%
2026-09-15T14:51:49.0036448Z (Reading database ... 65%
2026-09-15T14:51:49.1427141Z (Reading database ... 70%
2026-09-15T14:51:49.3709561Z (Reading database ... 75%
2026-09-15T14:51:49.6109561Z (Reading database ... 80%
2026-09-15T14:51:49.8273633Z (Reading database ... 85%
2026-09-15T14:51:50.0168473Z (Reading database ... 90%
2026-09-15T14:51:50.3327564Z (Reading database ... 95%
2026-09-15T14:51:50.3327889Z (Reading database ... 100%
2026-09-15T14:51:50.3328234Z (Reading database ... 201818 files and directories currently installed.)
2026-09-15T14:51:50.3364947Z Preparing to unpack .../libjsoncpp25_1.9.5-6build1_amd64.deb ...
2026-09-15T14:51:51.3756338Z Unpacking libjsoncpp25:amd64 (1.9.5-6build1) ...
2026-09-15T14:51:51.5436226Z Selecting previously unselected package librhash0:amd64.
2026-09-15T14:51:51.5533583Z Preparing to unpack .../librhash0_1.4.3-3build1_amd64.deb ...
2026-09-15T14:51:51.6499769Z Unpacking librhash0:amd64 (1.4.3-3build1) ...
2026-09-15T14:51:51.6774169Z Selecting previously unselected package cmake-data.
2026-09-15T14:51:51.6872817Z Preparing to unpack .../cmake-data_3.28.3-1build7_all.deb ...
2026-09-15T14:51:51.8064581Z Unpacking cmake-data (3.28.3-1build7) ...
2026-09-15T14:51:52.5451246Z Selecting previously unselected package cmake.
2026-09-15T14:51:52.5562757Z Preparing to unpack .../cmake_3.28.3-1build7_amd64.deb ...
2026-09-15T14:51:52.5600226Z Unpacking cmake (3.28.3-1build7) ...
2026-09-15T14:51:52.8811670Z Selecting previously unselected package ninja-build.
2026-09-15T14:51:52.8910808Z Preparing to unpack .../ninja-build_1.11.1-2_amd64.deb ...
2026-09-15T14:51:52.8920444Z Unpacking ninja-build (1.11.1-2) ...
2026-09-15T14:51:52.9331923Z Setting up ninja-build (1.11.1-2) ...
2026-09-15T14:51:53.0111585Z Setting up libjsoncpp25:amd64 (1.9.5-6build1) ...
2026-09-15T14:51:53.1620291Z Setting up librhash0:amd64 (1.4.3-3build1) ...
2026-09-15T14:51:53.1642591Z Setting up cmake-data (3.28.3-1build7) ...
2026-09-15T14:51:53.2386974Z Setting up cmake (3.28.3-1build7) ...
2026-09-15T14:51:53.2658855Z Processing triggers for man-db (2.12.0-4build2) ...
2026-09-15T14:51:53.2985338Z Not building database; man-db/auto-update is not 'true'.
2026-09-15T14:51:53.3051524Z Processing triggers for libc-bin (2.39-0ubuntu8.8) ...
2026-09-15T14:51:55.0024542Z 
2026-09-15T14:51:55.0025249Z Running kernel seems to be up-to-date.
2026-09-15T14:51:55.0025505Z 
2026-09-15T14:51:55.0025602Z No services need to be restarted.
2026-09-15T14:51:55.0025770Z 
2026-09-15T14:51:55.0025866Z No containers need to be restarted.
2026-09-15T14:51:55.0026353Z 
2026-09-15T14:51:55.0026468Z No user sessions are running outdated binaries.
2026-09-15T14:51:55.0026665Z 
2026-09-15T14:51:55.0026840Z No VM guests are running outdated hypervisor (qemu) binaries on this host.
2026-09-15T14:51:55.7962166Z Cloning into '/tmp/swiftshader'...
2026-09-15T14:52:50.6337545Z Updating files:  15% (2280/14398)
2026-09-15T14:52:50.6449677Z Updating files:  16% (2304/14398)
2026-09-15T14:52:50.7680030Z Updating files:  17% (2448/14398)
2026-09-15T14:52:50.8837230Z Updating files:  18% (2592/14398)
2026-09-15T14:52:50.8933440Z Updating files:  19% (2736/14398)
2026-09-15T14:52:50.9028460Z Updating files:  20% (2880/14398)
2026-09-15T14:52:50.9120539Z Updating files:  21% (3024/14398)
2026-09-15T14:52:50.9173734Z Updating files:  22% (3168/14398)
2026-09-15T14:52:50.9253735Z Updating files:  23% (3312/14398)
2026-09-15T14:52:50.9367509Z Updating files:  24% (3456/14398)
2026-09-15T14:52:50.9441406Z Updating files:  25% (3600/14398)
2026-09-15T14:52:50.9520284Z Updating files:  26% (3744/14398)
2026-09-15T14:52:50.9589297Z Updating files:  27% (3888/14398)
2026-09-15T14:52:50.9671473Z Updating files:  28% (4032/14398)
2026-09-15T14:52:50.9837545Z Updating files:  29% (4176/14398)
2026-09-15T14:52:50.9975210Z Updating files:  30% (4320/14398)
2026-09-15T14:52:51.0174367Z Updating files:  31% (4464/14398)
2026-09-15T14:52:51.0240128Z Updating files:  32% (4608/14398)
2026-09-15T14:52:51.0313312Z Updating files:  33% (4752/14398)
2026-09-15T14:52:51.0455786Z Updating files:  34% (4896/14398)
2026-09-15T14:52:51.0552698Z Updating files:  35% (5040/14398)
2026-09-15T14:52:51.0640488Z Updating files:  36% (5184/14398)
2026-09-15T14:52:51.0851808Z Updating files:  37% (5328/14398)
2026-09-15T14:52:51.0985174Z Updating files:  38% (5472/14398)
2026-09-15T14:52:51.1138747Z Updating files:  39% (5616/14398)
2026-09-15T14:52:51.1317392Z Updating files:  40% (5760/14398)
2026-09-15T14:52:51.1398687Z Updating files:  41% (5904/14398)
2026-09-15T14:52:51.1534201Z Updating files:  42% (6048/14398)
2026-09-15T14:52:51.1611205Z Updating files:  43% (6192/14398)
2026-09-15T14:52:51.1720527Z Updating files:  44% (6336/14398)
2026-09-15T14:52:51.1857165Z Updating files:  45% (6480/14398)
2026-09-15T14:52:51.1927269Z Updating files:  46% (6624/14398)
2026-09-15T14:52:51.2008577Z Updating files:  47% (6768/14398)
2026-09-15T14:52:51.2095509Z Updating files:  48% (6912/14398)
2026-09-15T14:52:51.2292989Z Updating files:  49% (7056/14398)
2026-09-15T14:52:51.2457900Z Updating files:  50% (7199/14398)
2026-09-15T14:52:51.2649238Z Updating files:  51% (7343/14398)
2026-09-15T14:52:51.4016377Z Updating files:  52% (7487/14398)
2026-09-15T14:52:51.5170516Z Updating files:  53% (7631/14398)
2026-09-15T14:52:51.5261321Z Updating files:  54% (7775/14398)
2026-09-15T14:52:51.5349722Z Updating files:  55% (7919/14398)
2026-09-15T14:52:51.5440775Z Updating files:  56% (8063/14398)
2026-09-15T14:52:51.5518733Z Updating files:  57% (8207/14398)
2026-09-15T14:52:51.5570592Z Updating files:  58% (8351/14398)
2026-09-15T14:52:51.5639566Z Updating files:  59% (8495/14398)
2026-09-15T14:52:51.5764037Z Updating files:  60% (8639/14398)
2026-09-15T14:52:51.5830363Z Updating files:  61% (8783/14398)
2026-09-15T14:52:51.5902047Z Updating files:  62% (8927/14398)
2026-09-15T14:52:51.5981223Z Updating files:  63% (9071/14398)
2026-09-15T14:52:51.6055759Z Updating files:  64% (9215/14398)
2026-09-15T14:52:51.6105870Z Updating files:  65% (9359/14398)
2026-09-15T14:52:51.6232198Z Updating files:  66% (9503/14398)
2026-09-15T14:52:51.6327032Z Updating files:  67% (9647/14398)
2026-09-15T14:52:51.6370456Z Updating files:  67% (9742/14398)
2026-09-15T14:52:51.6512558Z Updating files:  68% (9791/14398)
2026-09-15T14:52:51.6730314Z Updating files:  69% (9935/14398)
2026-09-15T14:52:51.6803549Z Updating files:  70% (10079/14398)
2026-09-15T14:52:51.6875138Z Updating files:  71% (10223/14398)
2026-09-15T14:52:51.6997175Z Updating files:  72% (10367/14398)
2026-09-15T14:52:51.7109317Z Updating files:  73% (10511/14398)
2026-09-15T14:52:51.7207026Z Updating files:  74% (10655/14398)
2026-09-15T14:52:51.7295557Z Updating files:  75% (10799/14398)
2026-09-15T14:52:51.7486009Z Updating files:  76% (10943/14398)
2026-09-15T14:52:51.7636820Z Updating files:  77% (11087/14398)
2026-09-15T14:52:51.7763332Z Updating files:  78% (11231/14398)
2026-09-15T14:52:51.7929456Z Updating files:  79% (11375/14398)
2026-09-15T14:52:51.8084252Z Updating files:  80% (11519/14398)
2026-09-15T14:52:51.8177791Z Updating files:  81% (11663/14398)
2026-09-15T14:52:51.8302942Z Updating files:  82% (11807/14398)
2026-09-15T14:52:51.8375872Z Updating files:  83% (11951/14398)
2026-09-15T14:52:51.8456513Z Updating files:  84% (12095/14398)
2026-09-15T14:52:51.8558826Z Updating files:  85% (12239/14398)
2026-09-15T14:52:51.8643171Z Updating files:  86% (12383/14398)
2026-09-15T14:52:51.8778045Z Updating files:  87% (12527/14398)
2026-09-15T14:52:51.8857529Z Updating files:  88% (12671/14398)
2026-09-15T14:52:51.8949483Z Updating files:  89% (12815/14398)
2026-09-15T14:52:51.9036199Z Updating files:  90% (12959/14398)
2026-09-15T14:52:51.9245234Z Updating files:  91% (13103/14398)
2026-09-15T14:52:51.9331054Z Updating files:  92% (13247/14398)
2026-09-15T14:52:51.9555515Z Updating files:  93% (13391/14398)
2026-09-15T14:52:51.9756558Z Updating files:  94% (13535/14398)
2026-09-15T14:52:51.9980824Z Updating files:  95% (13679/14398)
2026-09-15T14:52:52.0056548Z Updating files:  96% (13823/14398)
2026-09-15T14:52:52.0116893Z Updating files:  97% (13967/14398)
2026-09-15T14:52:52.0192022Z Updating files:  98% (14111/14398)
2026-09-15T14:52:52.0312905Z Updating files:  99% (14255/14398)
2026-09-15T14:52:52.0313195Z Updating files: 100% (14398/14398)
2026-09-15T14:52:52.0313447Z Updating files: 100% (14398/14398), done.
2026-09-15T14:52:52.6708377Z CMake Deprecation Warning at /usr/local/lib/android/sdk/ndk/25.2.9519653/build/cmake/android.toolchain.cmake:34 (cmake_minimum_required):
2026-09-15T14:52:52.6709104Z   Compatibility with CMake < 3.10 will be removed from a future version of
2026-09-15T14:52:52.6709431Z   CMake.
2026-09-15T14:52:52.6709537Z 
2026-09-15T14:52:52.6709721Z   Update the VERSION argument <min> value.  Or, use the <min>...<max> syntax
2026-09-15T14:52:52.6710161Z   to tell CMake that the project requires at least <min> but has been updated
2026-09-15T14:52:52.6710481Z   to work with policies introduced by <max> or earlier.
2026-09-15T14:52:52.6710670Z Call Stack (most recent call first):
2026-09-15T14:52:52.6710939Z   /usr/local/share/cmake-3.31/Modules/CMakeDetermineSystem.cmake:146 (include)
2026-09-15T14:52:52.6711604Z   CMakeLists.txt:19 (project)
2026-09-15T14:52:52.6711754Z 
2026-09-15T14:52:52.6711758Z 
2026-09-15T14:52:52.6712162Z CMake Deprecation Warning at /usr/local/lib/android/sdk/ndk/25.2.9519653/build/cmake/android-legacy.toolchain.cmake:34 (cmake_minimum_required):
2026-09-15T14:52:52.6712794Z   Compatibility with CMake < 3.10 will be removed from a future version of
2026-09-15T14:52:52.6713115Z   CMake.
2026-09-15T14:52:52.6713206Z 
2026-09-15T14:52:52.6713389Z   Update the VERSION argument <min> value.  Or, use the <min>...<max> syntax
2026-09-15T14:52:52.6713811Z   to tell CMake that the project requires at least <min> but has been updated
2026-09-15T14:52:52.6714189Z   to work with policies introduced by <max> or earlier.
2026-09-15T14:52:52.6714397Z Call Stack (most recent call first):
2026-09-15T14:52:52.6714646Z   /usr/local/lib/android/sdk/ndk/25.2.9519653/build/cmake/android.toolchain.cmake:54 (include)
2026-09-15T14:52:52.6714956Z   /usr/local/share/cmake-3.31/Modules/CMakeDetermineSystem.cmake:146 (include)
2026-09-15T14:52:52.6715339Z   CMakeLists.txt:19 (project)
2026-09-15T14:52:52.6715433Z 
2026-09-15T14:52:52.6715436Z 
2026-09-15T14:52:52.7412623Z CMake Deprecation Warning at /usr/local/lib/android/sdk/ndk/25.2.9519653/build/cmake/android.toolchain.cmake:34 (cmake_minimum_required):
2026-09-15T14:52:52.7413204Z   Compatibility with CMake < 3.10 will be removed from a future version of
2026-09-15T14:52:52.7413419Z   CMake.
2026-09-15T14:52:52.7413671Z 
2026-09-15T14:52:52.7413793Z   Update the VERSION argument <min> value.  Or, use the <min>...<max> syntax
2026-09-15T14:52:52.7414073Z   to tell CMake that the project requires at least <min> but has been updated
2026-09-15T14:52:52.7414319Z   to work with policies introduced by <max> or earlier.
2026-09-15T14:52:52.7414515Z Call Stack (most recent call first):
2026-09-15T14:52:52.7414704Z   build/CMakeFiles/3.31.6/CMakeSystem.cmake:6 (include)
2026-09-15T14:52:52.7414898Z   CMakeLists.txt:19 (project)
2026-09-15T14:52:52.7427449Z 
2026-09-15T14:52:52.7427453Z 
2026-09-15T14:52:52.8855733Z -- The C compiler identification is Clang 14.0.7
2026-09-15T14:52:52.9502625Z -- The CXX compiler identification is Clang 14.0.7
2026-09-15T14:52:52.9887220Z -- The ASM compiler identification is Clang with GNU-like command-line
2026-09-15T14:52:52.9910005Z -- Found assembler: /usr/local/lib/android/sdk/ndk/25.2.9519653/toolchains/llvm/prebuilt/linux-x86_64/bin/clang
2026-09-15T14:52:53.0347101Z -- Detecting C compiler ABI info
2026-09-15T14:52:53.0742361Z CMake Deprecation Warning at /usr/local/lib/android/sdk/ndk/25.2.9519653/build/cmake/android.toolchain.cmake:34 (cmake_minimum_required):
2026-09-15T14:52:53.0742921Z   Compatibility with CMake < 3.10 will be removed from a future version of
2026-09-15T14:52:53.0743133Z   CMake.
2026-09-15T14:52:53.0743205Z 
2026-09-15T14:52:53.0743322Z   Update the VERSION argument <min> value.  Or, use the <min>...<max> syntax
2026-09-15T14:52:53.0743594Z   to tell CMake that the project requires at least <min> but has been updated
2026-09-15T14:52:53.0743849Z   to work with policies introduced by <max> or earlier.
2026-09-15T14:52:53.0744041Z Call Stack (most recent call first):
2026-09-15T14:52:53.0744255Z   /tmp/swiftshader/build/CMakeFiles/3.31.6/CMakeSystem.cmake:6 (include)
2026-09-15T14:52:53.0744575Z   /tmp/swiftshader/build/CMakeFiles/CMakeScratch/TryCompile-9Fj9Gl/CMakeLists.txt:2 (project)
2026-09-15T14:52:53.0744781Z 
2026-09-15T14:52:53.0744785Z 
2026-09-15T14:52:53.0746320Z CMake Deprecation Warning at /usr/local/lib/android/sdk/ndk/25.2.9519653/build/cmake/android-legacy.toolchain.cmake:34 (cmake_minimum_required):
2026-09-15T14:52:53.0746892Z   Compatibility with CMake < 3.10 will be removed from a future version of
2026-09-15T14:52:53.0747093Z   CMake.
2026-09-15T14:52:53.0747157Z 
2026-09-15T14:52:53.0747270Z   Update the VERSION argument <min> value.  Or, use the <min>...<max> syntax
2026-09-15T14:52:53.0747536Z   to tell CMake that the project requires at least <min> but has been updated
2026-09-15T14:52:53.0747998Z   to work with policies introduced by <max> or earlier.
2026-09-15T14:52:53.0748185Z Call Stack (most recent call first):
2026-09-15T14:52:53.0748433Z   /usr/local/lib/android/sdk/ndk/25.2.9519653/build/cmake/android.toolchain.cmake:54 (include)
2026-09-15T14:52:53.0748736Z   /tmp/swiftshader/build/CMakeFiles/3.31.6/CMakeSystem.cmake:6 (include)
2026-09-15T14:52:53.0749041Z   /tmp/swiftshader/build/CMakeFiles/CMakeScratch/TryCompile-9Fj9Gl/CMakeLists.txt:2 (project)
2026-09-15T14:52:53.0749244Z 
2026-09-15T14:52:53.0749247Z 
2026-09-15T14:52:53.2257413Z -- Detecting C compiler ABI info - done
2026-09-15T14:52:53.2349792Z -- Check for working C compiler: /usr/local/lib/android/sdk/ndk/25.2.9519653/toolchains/llvm/prebuilt/linux-x86_64/bin/clang - skipped
2026-09-15T14:52:53.2353999Z -- Detecting C compile features
2026-09-15T14:52:53.2359179Z -- Detecting C compile features - done
2026-09-15T14:52:53.2911197Z -- Detecting CXX compiler ABI info
2026-09-15T14:52:53.2918856Z CMake Deprecation Warning at /usr/local/lib/android/sdk/ndk/25.2.9519653/build/cmake/android.toolchain.cmake:34 (cmake_minimum_required):
2026-09-15T14:52:53.2919426Z   Compatibility with CMake < 3.10 will be removed from a future version of
2026-09-15T14:52:53.2919630Z   CMake.
2026-09-15T14:52:53.2919706Z 
2026-09-15T14:52:53.2919816Z   Update the VERSION argument <min> value.  Or, use the <min>...<max> syntax
2026-09-15T14:52:53.2920290Z   to tell CMake that the project requires at least <min> but has been updated
2026-09-15T14:52:53.2920523Z   to work with policies introduced by <max> or earlier.
2026-09-15T14:52:53.2920707Z Call Stack (most recent call first):
2026-09-15T14:52:53.2920916Z   /tmp/swiftshader/build/CMakeFiles/3.31.6/CMakeSystem.cmake:6 (include)
2026-09-15T14:52:53.2921219Z   /tmp/swiftshader/build/CMakeFiles/CMakeScratch/TryCompile-K8E99o/CMakeLists.txt:2 (project)
2026-09-15T14:52:53.2921418Z 
2026-09-15T14:52:53.2921421Z 
2026-09-15T14:52:53.2922819Z CMake Deprecation Warning at /usr/local/lib/android/sdk/ndk/25.2.9519653/build/cmake/android-legacy.toolchain.cmake:34 (cmake_minimum_required):
2026-09-15T14:52:53.2923389Z   Compatibility with CMake < 3.10 will be removed from a future version of
2026-09-15T14:52:53.2923587Z   CMake.
2026-09-15T14:52:53.2923648Z 
2026-09-15T14:52:53.2923754Z   Update the VERSION argument <min> value.  Or, use the <min>...<max> syntax
2026-09-15T14:52:53.2924020Z   to tell CMake that the project requires at least <min> but has been updated
2026-09-15T14:52:53.2924247Z   to work with policies introduced by <max> or earlier.
2026-09-15T14:52:53.2924427Z Call Stack (most recent call first):
2026-09-15T14:52:53.2924665Z   /usr/local/lib/android/sdk/ndk/25.2.9519653/build/cmake/android.toolchain.cmake:54 (include)
2026-09-15T14:52:53.2924954Z   /tmp/swiftshader/build/CMakeFiles/3.31.6/CMakeSystem.cmake:6 (include)
2026-09-15T14:52:53.2925429Z   /tmp/swiftshader/build/CMakeFiles/CMakeScratch/TryCompile-K8E99o/CMakeLists.txt:2 (project)
2026-09-15T14:52:53.2925626Z 
2026-09-15T14:52:53.2925629Z 
2026-09-15T14:52:53.3415323Z -- Detecting CXX compiler ABI info - done
2026-09-15T14:52:53.3503362Z -- Check for working CXX compiler: /usr/local/lib/android/sdk/ndk/25.2.9519653/toolchains/llvm/prebuilt/linux-x86_64/bin/clang++ - skipped
2026-09-15T14:52:53.3505790Z -- Detecting CXX compile features
2026-09-15T14:52:53.3864658Z -- Detecting CXX compile features - done
2026-09-15T14:52:53.5248180Z CMake Warning at CMakeLists.txt:128 (message):
2026-09-15T14:52:53.5248452Z   
2026-09-15T14:52:53.5248518Z 
2026-09-15T14:52:53.5248597Z           .git/hooks/commit-msg was not found.
2026-09-15T14:52:53.5248856Z           Downloading from https://gerrit-review.googlesource.com/tools/hooks/commit-msg...
2026-09-15T14:52:53.5249096Z       
2026-09-15T14:52:53.5249166Z 
2026-09-15T14:52:53.5249169Z 
2026-09-15T14:52:54.2483839Z CMake Warning at third_party/subzero/CMakeLists.txt:78 (message):
2026-09-15T14:52:54.2484134Z   Architecture 'aarch64' not supported by Subzero
2026-09-15T14:52:54.2484631Z 
2026-09-15T14:52:54.2484635Z 
2026-09-15T14:52:54.2489071Z CMake Deprecation Warning at third_party/marl/CMakeLists.txt:15 (cmake_minimum_required):
2026-09-15T14:52:54.2489538Z   Compatibility with CMake < 3.10 will be removed from a future version of
2026-09-15T14:52:54.2489786Z   CMake.
2026-09-15T14:52:54.2489854Z 
2026-09-15T14:52:54.2489971Z   Update the VERSION argument <min> value.  Or, use the <min>...<max> syntax
2026-09-15T14:52:54.2490246Z   to tell CMake that the project requires at least <min> but has been updated
2026-09-15T14:52:54.2490481Z   to work with policies introduced by <max> or earlier.
2026-09-15T14:52:54.2490607Z 
2026-09-15T14:52:54.2490610Z 
2026-09-15T14:52:54.2658433Z -- Performing Test MARL_THREAD_SAFETY_ANALYSIS_SUPPORTED
2026-09-15T14:52:54.2665517Z CMake Deprecation Warning at /usr/local/lib/android/sdk/ndk/25.2.9519653/build/cmake/android.toolchain.cmake:34 (cmake_minimum_required):
2026-09-15T14:52:54.2666213Z   Compatibility with CMake < 3.10 will be removed from a future version of
2026-09-15T14:52:54.2666537Z   CMake.
2026-09-15T14:52:54.2666631Z 
2026-09-15T14:52:54.2666801Z   Update the VERSION argument <min> value.  Or, use the <min>...<max> syntax
2026-09-15T14:52:54.2667125Z   to tell CMake that the project requires at least <min> but has been updated
2026-09-15T14:52:54.2667360Z   to work with policies introduced by <max> or earlier.
2026-09-15T14:52:54.2667541Z Call Stack (most recent call first):
2026-09-15T14:52:54.2667892Z   /tmp/swiftshader/build/CMakeFiles/3.31.6/CMakeSystem.cmake:6 (include)
2026-09-15T14:52:54.2668191Z   /tmp/swiftshader/build/CMakeFiles/CMakeScratch/TryCompile-CZ1qGy/CMakeLists.txt:4 (project)
2026-09-15T14:52:54.2668385Z 
2026-09-15T14:52:54.2668389Z 
2026-09-15T14:52:54.2669620Z CMake Deprecation Warning at /usr/local/lib/android/sdk/ndk/25.2.9519653/build/cmake/android-legacy.toolchain.cmake:34 (cmake_minimum_required):
2026-09-15T14:52:54.2670171Z   Compatibility with CMake < 3.10 will be removed from a future version of
2026-09-15T14:52:54.2670370Z   CMake.
2026-09-15T14:52:54.2670430Z 
2026-09-15T14:52:54.2670536Z   Update the VERSION argument <min> value.  Or, use the <min>...<max> syntax
2026-09-15T14:52:54.2670791Z   to tell CMake that the project requires at least <min> but has been updated
2026-09-15T14:52:54.2671015Z   to work with policies introduced by <max> or earlier.
2026-09-15T14:52:54.2671189Z Call Stack (most recent call first):
2026-09-15T14:52:54.2671424Z   /usr/local/lib/android/sdk/ndk/25.2.9519653/build/cmake/android.toolchain.cmake:54 (include)
2026-09-15T14:52:54.2671707Z   /tmp/swiftshader/build/CMakeFiles/3.31.6/CMakeSystem.cmake:6 (include)
2026-09-15T14:52:54.2672002Z   /tmp/swiftshader/build/CMakeFiles/CMakeScratch/TryCompile-CZ1qGy/CMakeLists.txt:4 (project)
2026-09-15T14:52:54.2672196Z 
2026-09-15T14:52:54.2672198Z 
2026-09-15T14:52:54.3058632Z -- Performing Test MARL_THREAD_SAFETY_ANALYSIS_SUPPORTED - Success
2026-09-15T14:52:54.3059284Z -- Performing Test MARL_UCONTEXT_SUPPORTED
2026-09-15T14:52:54.3066652Z CMake Deprecation Warning at /usr/local/lib/android/sdk/ndk/25.2.9519653/build/cmake/android.toolchain.cmake:34 (cmake_minimum_required):
2026-09-15T14:52:54.3067023Z   Compatibility with CMake < 3.10 will be removed from a future version of
2026-09-15T14:52:54.3067235Z   CMake.
2026-09-15T14:52:54.3067303Z 
2026-09-15T14:52:54.3067417Z   Update the VERSION argument <min> value.  Or, use the <min>...<max> syntax
2026-09-15T14:52:54.3067683Z   to tell CMake that the project requires at least <min> but has been updated
2026-09-15T14:52:54.3067910Z   to work with policies introduced by <max> or earlier.
2026-09-15T14:52:54.3068093Z Call Stack (most recent call first):
2026-09-15T14:52:54.3068299Z   /tmp/swiftshader/build/CMakeFiles/3.31.6/CMakeSystem.cmake:6 (include)
2026-09-15T14:52:54.3068603Z   /tmp/swiftshader/build/CMakeFiles/CMakeScratch/TryCompile-8VQZDB/CMakeLists.txt:4 (project)
2026-09-15T14:52:54.3068796Z 
2026-09-15T14:52:54.3068799Z 
2026-09-15T14:52:54.3070088Z CMake Deprecation Warning at /usr/local/lib/android/sdk/ndk/25.2.9519653/build/cmake/android-legacy.toolchain.cmake:34 (cmake_minimum_required):
2026-09-15T14:52:54.3070656Z   Compatibility with CMake < 3.10 will be removed from a future version of
2026-09-15T14:52:54.3070848Z   CMake.
2026-09-15T14:52:54.3070907Z 
2026-09-15T14:52:54.3071013Z   Update the VERSION argument <min> value.  Or, use the <min>...<max> syntax
2026-09-15T14:52:54.3071269Z   to tell CMake that the project requires at least <min> but has been updated
2026-09-15T14:52:54.3071493Z   to work with policies introduced by <max> or earlier.
2026-09-15T14:52:54.3071669Z Call Stack (most recent call first):
2026-09-15T14:52:54.3071899Z   /usr/local/lib/android/sdk/ndk/25.2.9519653/build/cmake/android.toolchain.cmake:54 (include)
2026-09-15T14:52:54.3072185Z   /tmp/swiftshader/build/CMakeFiles/3.31.6/CMakeSystem.cmake:6 (include)
2026-09-15T14:52:54.3072476Z   /tmp/swiftshader/build/CMakeFiles/CMakeScratch/TryCompile-8VQZDB/CMakeLists.txt:4 (project)
2026-09-15T14:52:54.3072671Z 
2026-09-15T14:52:54.3072673Z 
2026-09-15T14:52:54.3339717Z -- Performing Test MARL_UCONTEXT_SUPPORTED - Failed
2026-09-15T14:52:54.3403020Z -- Performing Test CMAKE_HAVE_LIBC_PTHREAD
2026-09-15T14:52:54.3409909Z CMake Deprecation Warning at /usr/local/lib/android/sdk/ndk/25.2.9519653/build/cmake/android.toolchain.cmake:34 (cmake_minimum_required):
2026-09-15T14:52:54.3410286Z   Compatibility with CMake < 3.10 will be removed from a future version of
2026-09-15T14:52:54.3410649Z   CMake.
2026-09-15T14:52:54.3410714Z 
2026-09-15T14:52:54.3410827Z   Update the VERSION argument <min> value.  Or, use the <min>...<max> syntax
2026-09-15T14:52:54.3411086Z   to tell CMake that the project requires at least <min> but has been updated
2026-09-15T14:52:54.3411318Z   to work with policies introduced by <max> or earlier.
2026-09-15T14:52:54.3411499Z Call Stack (most recent call first):
2026-09-15T14:52:54.3411703Z   /tmp/swiftshader/build/CMakeFiles/3.31.6/CMakeSystem.cmake:6 (include)
2026-09-15T14:52:54.3412010Z   /tmp/swiftshader/build/CMakeFiles/CMakeScratch/TryCompile-7mNiRJ/CMakeLists.txt:4 (project)
2026-09-15T14:52:54.3412205Z 
2026-09-15T14:52:54.3412209Z 
2026-09-15T14:52:54.3413364Z CMake Deprecation Warning at /usr/local/lib/android/sdk/ndk/25.2.9519653/build/cmake/android-legacy.toolchain.cmake:34 (cmake_minimum_required):
2026-09-15T14:52:54.3413736Z   Compatibility with CMake < 3.10 will be removed from a future version of
2026-09-15T14:52:54.3413929Z   CMake.
2026-09-15T14:52:54.3413992Z 
2026-09-15T14:52:54.3414098Z   Update the VERSION argument <min> value.  Or, use the <min>...<max> syntax
2026-09-15T14:52:54.3414351Z   to tell CMake that the project requires at least <min> but has been updated
2026-09-15T14:52:54.3414577Z   to work with policies introduced by <max> or earlier.
2026-09-15T14:52:54.3414751Z Call Stack (most recent call first):
2026-09-15T14:52:54.3415080Z   /usr/local/lib/android/sdk/ndk/25.2.9519653/build/cmake/android.toolchain.cmake:54 (include)
2026-09-15T14:52:54.3415388Z   /tmp/swiftshader/build/CMakeFiles/3.31.6/CMakeSystem.cmake:6 (include)
2026-09-15T14:52:54.3415683Z   /tmp/swiftshader/build/CMakeFiles/CMakeScratch/TryCompile-7mNiRJ/CMakeLists.txt:4 (project)
2026-09-15T14:52:54.3415876Z 
2026-09-15T14:52:54.3415879Z 
2026-09-15T14:52:54.3841483Z -- Performing Test CMAKE_HAVE_LIBC_PTHREAD - Failed
2026-09-15T14:52:54.3841747Z -- Looking for pthread_create in pthreads
2026-09-15T14:52:54.3889659Z CMake Deprecation Warning at /usr/local/lib/android/sdk/ndk/25.2.9519653/build/cmake/android.toolchain.cmake:34 (cmake_minimum_required):
2026-09-15T14:52:54.3890085Z   Compatibility with CMake < 3.10 will be removed from a future version of
2026-09-15T14:52:54.3890290Z   CMake.
2026-09-15T14:52:54.3890355Z 
2026-09-15T14:52:54.3890470Z   Update the VERSION argument <min> value.  Or, use the <min>...<max> syntax
2026-09-15T14:52:54.3890733Z   to tell CMake that the project requires at least <min> but has been updated
2026-09-15T14:52:54.3890967Z   to work with policies introduced by <max> or earlier.
2026-09-15T14:52:54.3891384Z Call Stack (most recent call first):
2026-09-15T14:52:54.3891603Z   /tmp/swiftshader/build/CMakeFiles/3.31.6/CMakeSystem.cmake:6 (include)
2026-09-15T14:52:54.3891914Z   /tmp/swiftshader/build/CMakeFiles/CMakeScratch/TryCompile-SqXhUz/CMakeLists.txt:4 (project)
2026-09-15T14:52:54.3892113Z 
2026-09-15T14:52:54.3892117Z 
2026-09-15T14:52:54.3893360Z CMake Deprecation Warning at /usr/local/lib/android/sdk/ndk/25.2.9519653/build/cmake/android-legacy.toolchain.cmake:34 (cmake_minimum_required):
2026-09-15T14:52:54.3893735Z   Compatibility with CMake < 3.10 will be removed from a future version of
2026-09-15T14:52:54.3893930Z   CMake.
2026-09-15T14:52:54.3893987Z 
2026-09-15T14:52:54.3894100Z   Update the VERSION argument <min> value.  Or, use the <min>...<max> syntax
2026-09-15T14:52:54.3894353Z   to tell CMake that the project requires at least <min> but has been updated
2026-09-15T14:52:54.3894582Z   to work with policies introduced by <max> or earlier.
2026-09-15T14:52:54.3894760Z Call Stack (most recent call first):
2026-09-15T14:52:54.3895116Z   /usr/local/lib/android/sdk/ndk/25.2.9519653/build/cmake/android.toolchain.cmake:54 (include)
2026-09-15T14:52:54.3895409Z   /tmp/swiftshader/build/CMakeFiles/3.31.6/CMakeSystem.cmake:6 (include)
2026-09-15T14:52:54.3895701Z   /tmp/swiftshader/build/CMakeFiles/CMakeScratch/TryCompile-SqXhUz/CMakeLists.txt:4 (project)
2026-09-15T14:52:54.3895890Z 
2026-09-15T14:52:54.3895892Z 
2026-09-15T14:52:54.4255638Z -- Looking for pthread_create in pthreads - not found
2026-09-15T14:52:54.4255906Z -- Looking for pthread_create in pthread
2026-09-15T14:52:54.4263164Z CMake Deprecation Warning at /usr/local/lib/android/sdk/ndk/25.2.9519653/build/cmake/android.toolchain.cmake:34 (cmake_minimum_required):
2026-09-15T14:52:54.4263531Z   Compatibility with CMake < 3.10 will be removed from a future version of
2026-09-15T14:52:54.4263731Z   CMake.
2026-09-15T14:52:54.4263796Z 
2026-09-15T14:52:54.4263906Z   Update the VERSION argument <min> value.  Or, use the <min>...<max> syntax
2026-09-15T14:52:54.4264179Z   to tell CMake that the project requires at least <min> but has been updated
2026-09-15T14:52:54.4264407Z   to work with policies introduced by <max> or earlier.
2026-09-15T14:52:54.4264589Z Call Stack (most recent call first):
2026-09-15T14:52:54.4264793Z   /tmp/swiftshader/build/CMakeFiles/3.31.6/CMakeSystem.cmake:6 (include)
2026-09-15T14:52:54.4265218Z   /tmp/swiftshader/build/CMakeFiles/CMakeScratch/TryCompile-q5qexO/CMakeLists.txt:4 (project)
2026-09-15T14:52:54.4265417Z 
2026-09-15T14:52:54.4265421Z 
2026-09-15T14:52:54.4266817Z CMake Deprecation Warning at /usr/local/lib/android/sdk/ndk/25.2.9519653/build/cmake/android-legacy.toolchain.cmake:34 (cmake_minimum_required):
2026-09-15T14:52:54.4267192Z   Compatibility with CMake < 3.10 will be removed from a future version of
2026-09-15T14:52:54.4267386Z   CMake.
2026-09-15T14:52:54.4267445Z 
2026-09-15T14:52:54.4267549Z   Update the VERSION argument <min> value.  Or, use the <min>...<max> syntax
2026-09-15T14:52:54.4267808Z   to tell CMake that the project requires at least <min> but has been updated
2026-09-15T14:52:54.4268033Z   to work with policies introduced by <max> or earlier.
2026-09-15T14:52:54.4268211Z Call Stack (most recent call first):
2026-09-15T14:52:54.4268443Z   /usr/local/lib/android/sdk/ndk/25.2.9519653/build/cmake/android.toolchain.cmake:54 (include)
2026-09-15T14:52:54.4268731Z   /tmp/swiftshader/build/CMakeFiles/3.31.6/CMakeSystem.cmake:6 (include)
2026-09-15T14:52:54.4269024Z   /tmp/swiftshader/build/CMakeFiles/CMakeScratch/TryCompile-q5qexO/CMakeLists.txt:4 (project)
2026-09-15T14:52:54.4269214Z 
2026-09-15T14:52:54.4269217Z 
2026-09-15T14:52:54.4623539Z -- Looking for pthread_create in pthread - not found
2026-09-15T14:52:54.4623816Z -- Check if compiler accepts -pthread
2026-09-15T14:52:54.4676848Z CMake Deprecation Warning at /usr/local/lib/android/sdk/ndk/25.2.9519653/build/cmake/android.toolchain.cmake:34 (cmake_minimum_required):
2026-09-15T14:52:54.4677265Z   Compatibility with CMake < 3.10 will be removed from a future version of
2026-09-15T14:52:54.4677825Z   CMake.
2026-09-15T14:52:54.4677930Z 
2026-09-15T14:52:54.4678112Z   Update the VERSION argument <min> value.  Or, use the <min>...<max> syntax
2026-09-15T14:52:54.4678429Z   to tell CMake that the project requires at least <min> but has been updated
2026-09-15T14:52:54.4678667Z   to work with policies introduced by <max> or earlier.
2026-09-15T14:52:54.4678864Z Call Stack (most recent call first):
2026-09-15T14:52:54.4679077Z   /tmp/swiftshader/build/CMakeFiles/3.31.6/CMakeSystem.cmake:6 (include)
2026-09-15T14:52:54.4679390Z   /tmp/swiftshader/build/CMakeFiles/CMakeScratch/TryCompile-KEFaoR/CMakeLists.txt:4 (project)
2026-09-15T14:52:54.4679590Z 
2026-09-15T14:52:54.4679594Z 
2026-09-15T14:52:54.4680429Z CMake Deprecation Warning at /usr/local/lib/android/sdk/ndk/25.2.9519653/build/cmake/android-legacy.toolchain.cmake:34 (cmake_minimum_required):
2026-09-15T14:52:54.4680810Z   Compatibility with CMake < 3.10 will be removed from a future version of
2026-09-15T14:52:54.4681128Z   CMake.
2026-09-15T14:52:54.4681220Z 
2026-09-15T14:52:54.4681397Z   Update the VERSION argument <min> value.  Or, use the <min>...<max> syntax
2026-09-15T14:52:54.4681823Z   to tell CMake that the project requires at least <min> but has been updated
2026-09-15T14:52:54.4682192Z   to work with policies introduced by <max> or earlier.
2026-09-15T14:52:54.4682470Z Call Stack (most recent call first):
2026-09-15T14:52:54.4683068Z   /usr/local/lib/android/sdk/ndk/25.2.9519653/build/cmake/android.toolchain.cmake:54 (include)
2026-09-15T14:52:54.4683524Z   /tmp/swiftshader/build/CMakeFiles/3.31.6/CMakeSystem.cmake:6 (include)
2026-09-15T14:52:54.4684004Z   /tmp/swiftshader/build/CMakeFiles/CMakeScratch/TryCompile-KEFaoR/CMakeLists.txt:4 (project)
2026-09-15T14:52:54.4684215Z 
2026-09-15T14:52:54.4684218Z 
2026-09-15T14:52:54.5143822Z -- Check if compiler accepts -pthread - yes
2026-09-15T14:52:54.5689327Z -- Found Threads: TRUE
2026-09-15T14:52:54.5703728Z CMake Error at CMakeLists.txt:812 (message):
2026-09-15T14:52:54.5704101Z   REACTOR_BACKEND must be 'LLVM', 'LLVM-Submodule' or 'Subzero'
2026-09-15T14:52:54.5704331Z 
2026-09-15T14:52:54.5704336Z 
2026-09-15T14:52:54.5706311Z -- Configuring incomplete, errors occurred!
2026-09-15T14:52:54.5771540Z ##[error]Process completed with exit code 1.
2026-09-15T14:52:54.5800054Z ##[group]Run chmod +x gradlew
2026-09-15T14:52:54.5800216Z [36;1mchmod +x gradlew[0m
2026-09-15T14:52:54.5829026Z shell: /usr/bin/bash -e {0}
2026-09-15T14:52:54.5829162Z env:
2026-09-15T14:52:54.5829327Z   JAVA_HOME: /opt/hostedtoolcache/Java_Temurin-Hotspot_jdk/17.0.20-1/x64
2026-09-15T14:52:54.5829586Z   JAVA_HOME_17_X64: /opt/hostedtoolcache/Java_Temurin-Hotspot_jdk/17.0.20-1/x64
2026-09-15T14:52:54.5829790Z   MAVEN_ARGS: -ntp
2026-09-15T14:52:54.5829916Z   CARGO_HOME: /home/runner/.cargo
2026-09-15T14:52:54.5830056Z   CARGO_INCREMENTAL: 0
2026-09-15T14:52:54.5830178Z   CARGO_TERM_COLOR: always
2026-09-15T14:52:54.5830355Z   ANDROID_NDK_HOME: /usr/local/lib/android/sdk/ndk/25.2.9519653
2026-09-15T14:52:54.5830535Z ##[endgroup]
2026-09-15T14:52:54.5896683Z ##[group]Run for attempt in 1 2 3 4 5; do
2026-09-15T14:52:54.5896866Z [36;1mfor attempt in 1 2 3 4 5; do[0m
2026-09-15T14:52:54.5897034Z [36;1m  echo "=== Rust build attempt $attempt ==="[0m
2026-09-15T14:52:54.5897216Z [36;1m  if sh build_rs.sh --release; then[0m
2026-09-15T14:52:54.5897399Z [36;1m    echo "Build succeeded on attempt $attempt"[0m
2026-09-15T14:52:54.5897560Z [36;1m    break[0m
2026-09-15T14:52:54.5897675Z [36;1m  fi[0m
2026-09-15T14:52:54.5897829Z [36;1m  echo "Build failed on attempt $attempt, retrying in 30s..."[0m
2026-09-15T14:52:54.5898016Z [36;1m  sleep 30[0m
2026-09-15T14:52:54.5898130Z [36;1mdone[0m
2026-09-15T14:52:54.5922622Z shell: /usr/bin/bash -e {0}
2026-09-15T14:52:54.5922754Z env:
2026-09-15T14:52:54.5922920Z   JAVA_HOME: /opt/hostedtoolcache/Java_Temurin-Hotspot_jdk/17.0.20-1/x64
2026-09-15T14:52:54.5923184Z   JAVA_HOME_17_X64: /opt/hostedtoolcache/Java_Temurin-Hotspot_jdk/17.0.20-1/x64
2026-09-15T14:52:54.5923518Z   MAVEN_ARGS: -ntp
2026-09-15T14:52:54.5923644Z   CARGO_HOME: /home/runner/.cargo
2026-09-15T14:52:54.5923783Z   CARGO_INCREMENTAL: 0
2026-09-15T14:52:54.5923906Z   CARGO_TERM_COLOR: always
2026-09-15T14:52:54.5924074Z   ANDROID_NDK_HOME: /usr/local/lib/android/sdk/ndk/25.2.9519653
2026-09-15T14:52:54.5924254Z ##[endgroup]
2026-09-15T14:52:54.5963132Z === Rust build attempt 1 ===
2026-09-15T14:52:54.6155399Z [2026-09-15T14:52:54Z WARN  cargo_xdk::cli] Environment variable `ANDROID_NDK_HOME = "/usr/local/lib/android/sdk/ndk/25.2.9519653"` doesn't match `ANDROID_NDK_ROOT = "/usr/local/lib/android/sdk/ndk/27.3.13750724"`
2026-09-15T14:52:54.6156197Z [2026-09-15T14:52:54Z INFO  cargo_xdk::cli] Using NDK at path: /usr/local/lib/android/sdk/ndk/25.2.9519653 (ANDROID_NDK_HOME)
2026-09-15T14:52:54.6156520Z [2026-09-15T14:52:54Z INFO  cargo_xdk::cli] NDK API level: 21
2026-09-15T14:52:54.6156758Z [2026-09-15T14:52:54Z INFO  cargo_xdk::cli] Building targets: arm64-v8a
2026-09-15T14:52:54.6157048Z [2026-09-15T14:52:54Z INFO  cargo_xdk::cli] Building arm64-v8a (aarch64-linux-android)
2026-09-15T14:52:54.7205527Z [1m[92m    Updating[0m crates.io index
2026-09-15T14:52:54.8763646Z [1m[92m     Locking[0m 45 packages to latest compatible versions
2026-09-15T14:52:54.8767262Z [1m[92m      Adding[0m android_logger v0.10.1 [1m[33m(available: v0.15.1)[0m
2026-09-15T14:52:54.8779815Z [1m[92m      Adding[0m jni v0.19.0 [1m[33m(available: v0.22.4)[0m
2026-09-15T14:52:54.8788202Z [1m[92m      Adding[0m ndk v0.6.0 [1m[33m(available: v0.9.0)[0m
2026-09-15T14:52:54.8788620Z [1m[92m      Adding[0m ndk-sys v0.3.0 [1m[33m(available: v0.6.0+11769913)[0m
2026-09-15T14:52:54.8915632Z [1m[92m Downloading[0m crates ...
2026-09-15T14:52:54.9798321Z [1m[92m  Downloaded[0m cesu8 v1.1.0
2026-09-15T14:52:54.9806372Z [1m[92m  Downloaded[0m android_log-sys v0.2.0
2026-09-15T14:52:54.9823838Z [1m[92m  Downloaded[0m android_logger v0.10.1
2026-09-15T14:52:54.9909459Z [1m[92m  Downloaded[0m bitflags v1.3.2
2026-09-15T14:52:54.9950953Z [1m[92m  Downloaded[0m same-file v1.0.6
2026-09-15T14:52:54.9961604Z [1m[92m  Downloaded[0m bytes v1.12.1
2026-09-15T14:52:54.9987793Z [1m[92m  Downloaded[0m unix_socket v0.5.0
2026-09-15T14:52:54.9993846Z [1m[92m  Downloaded[0m cfg-if v0.1.10
2026-09-15T14:52:55.0001955Z [1m[92m  Downloaded[0m num_enum_derive v0.5.11
2026-09-15T14:52:55.0009538Z [1m[92m  Downloaded[0m jni-sys v0.3.1
2026-09-15T14:52:55.0052854Z [1m[92m  Downloaded[0m lazy_static v1.5.0
2026-09-15T14:52:55.0082092Z [1m[92m  Downloaded[0m jni-sys v0.4.1
2026-09-15T14:52:55.0090068Z [1m[92m  Downloaded[0m jni-sys-macros v0.4.1
2026-09-15T14:52:55.0094526Z [1m[92m  Downloaded[0m proc-macro-crate v1.3.1
2026-09-15T14:52:55.0102264Z [1m[92m  Downloaded[0m toml_datetime v0.6.11
2026-09-15T14:52:55.0259665Z [1m[92m  Downloaded[0m walkdir v2.5.0
2026-09-15T14:52:55.0273931Z [1m[92m  Downloaded[0m equivalent v1.0.2
2026-09-15T14:52:55.0282112Z [1m[92m  Downloaded[0m num_enum v0.5.11
2026-09-15T14:52:55.0327138Z [1m[92m  Downloaded[0m env_logger v0.8.4
2026-09-15T14:52:55.0344340Z [1m[92m  Downloaded[0m ndk v0.6.0
2026-09-15T14:52:55.0358287Z [1m[92m  Downloaded[0m jni v0.19.0
2026-09-15T14:52:55.0401034Z [1m[92m  Downloaded[0m indexmap v2.14.2
2026-09-15T14:52:55.0431325Z [1m[92m  Downloaded[0m toml_edit v0.19.15
2026-09-15T14:52:55.0575690Z [1m[92m  Downloaded[0m combine v4.6.8
2026-09-15T14:52:55.0603655Z [1m[92m  Downloaded[0m hashbrown v0.17.1
2026-09-15T14:52:55.0640937Z [1m[92m  Downloaded[0m winnow v0.5.40
2026-09-15T14:52:55.0703010Z [1m[92m  Downloaded[0m ndk-sys v0.3.0
2026-09-15T14:52:55.4148334Z [1m[92m   Compiling[0m proc-macro2 v1.0.107
2026-09-15T14:52:55.4148730Z [1m[92m   Compiling[0m quote v1.0.47
2026-09-15T14:52:55.4155109Z [1m[92m   Compiling[0m unicode-ident v1.0.24
2026-09-15T14:52:55.4159986Z [1m[92m   Compiling[0m memchr v2.8.3
2026-09-15T14:52:55.4572179Z [1m[92m   Compiling[0m equivalent v1.0.2
2026-09-15T14:52:55.4767689Z [1m[92m   Compiling[0m hashbrown v0.17.1
2026-09-15T14:52:55.5116401Z [1m[92m   Compiling[0m toml_datetime v0.6.11
2026-09-15T14:52:55.6316857Z [1m[92m   Compiling[0m winnow v0.5.40
2026-09-15T14:52:55.8396683Z [1m[92m   Compiling[0m indexmap v2.14.2
2026-09-15T14:52:56.0246557Z [1m[92m   Compiling[0m syn v2.0.119
2026-09-15T14:52:56.3196665Z [1m[92m   Compiling[0m syn v1.0.109
2026-09-15T14:52:56.4182073Z [1m[92m   Compiling[0m jni-sys v0.3.1
2026-09-15T14:52:56.4993348Z [1m[92m   Compiling[0m aho-corasick v1.1.5
2026-09-15T14:52:56.5745332Z [1m[92m   Compiling[0m toml_edit v0.19.15
2026-09-15T14:52:57.6100654Z [1m[92m   Compiling[0m same-file v1.0.6
2026-09-15T14:52:57.6709180Z [1m[92m   Compiling[0m thiserror v1.0.69
2026-09-15T14:52:57.7836644Z [1m[92m   Compiling[0m regex-syntax v0.8.11
2026-09-15T14:52:58.0386551Z [1m[92m   Compiling[0m jni-sys-macros v0.4.1
2026-09-15T14:52:58.1017660Z [1m[92m   Compiling[0m once_cell v1.21.4
2026-09-15T14:52:58.2201154Z [1m[92m   Compiling[0m proc-macro-crate v1.3.1
2026-09-15T14:52:58.2508172Z [1m[92m   Compiling[0m jni-sys v0.4.1
2026-09-15T14:52:58.4206822Z [1m[92m   Compiling[0m thiserror-impl v1.0.69
2026-09-15T14:52:58.4833656Z [1m[92m   Compiling[0m walkdir v2.5.0
2026-09-15T14:52:58.6334738Z [1m[92m   Compiling[0m regex-automata v0.4.18
2026-09-15T14:53:00.1526608Z [1m[92m   Compiling[0m libc v0.2.189
2026-09-15T14:53:00.2929787Z [1m[92m   Compiling[0m log v0.4.34
2026-09-15T14:53:00.4097430Z [1m[92m   Compiling[0m regex v1.13.1
2026-09-15T14:53:00.4193282Z [1m[92m   Compiling[0m num_enum_derive v0.5.11
2026-09-15T14:53:00.8776594Z [1m[92m   Compiling[0m jni v0.19.0
2026-09-15T14:53:00.9928935Z [1m[92m   Compiling[0m bytes v1.12.1
2026-09-15T14:53:01.5448274Z [1m[92m   Compiling[0m combine v4.6.8
2026-09-15T14:53:02.0088811Z [1m[92m   Compiling[0m num_enum v0.5.11
2026-09-15T14:53:02.0576856Z [1m[92m   Compiling[0m env_logger v0.8.4
2026-09-15T14:53:03.1869831Z [1m[92m   Compiling[0m ndk-sys v0.3.0
2026-09-15T14:53:03.2916762Z [1m[92m   Compiling[0m bitflags v1.3.2
2026-09-15T14:53:03.3187884Z [1m[92m   Compiling[0m lazy_static v1.5.0
2026-09-15T14:53:03.3567195Z [1m[92m   Compiling[0m cesu8 v1.1.0
2026-09-15T14:53:03.4926786Z [1m[92m   Compiling[0m twoyi v0.1.0 (/home/runner/work/twoyi/twoyi/app/rs)
2026-09-15T14:53:03.5038605Z [1m[92m   Compiling[0m android_log-sys v0.2.0
2026-09-15T14:53:03.5481178Z [1m[92m   Compiling[0m cfg-if v0.1.10
2026-09-15T14:53:03.5586596Z [1m[92m   Compiling[0m android_logger v0.10.1
2026-09-15T14:53:03.5733878Z [1m[92m   Compiling[0m unix_socket v0.5.0
2026-09-15T14:53:03.7966653Z [1m[92m   Compiling[0m ndk v0.6.0
2026-09-15T14:53:07.1130786Z [1m[33mwarning[0m[1m: unused import: `jni::objects::JValue`[0m
2026-09-15T14:53:07.1131072Z  [1m[94m--> [0msrc/lib.rs:5:5
2026-09-15T14:53:07.1131246Z   [1m[94m|[0m
2026-09-15T14:53:07.1131477Z [1m[94m5[0m [1m[94m|[0m use jni::objects::JValue;
2026-09-15T14:53:07.1131893Z   [1m[94m|[0m     [1m[33m^^^^^^^^^^^^^^^^^^^^[0m
2026-09-15T14:53:07.1132068Z   [1m[94m|[0m
2026-09-15T14:53:07.1132315Z   [1m[94m= [0m[1mnote[0m: `#[warn(unused_imports)]` (part of `#[warn(unused)]`) on by default
2026-09-15T14:53:07.1132505Z 
2026-09-15T14:53:07.1400674Z [1m[33mwarning[0m[1m: unused import: `warn`[0m
2026-09-15T14:53:07.1401027Z  [1m[94m--> [0msrc/lib.rs:9:24
2026-09-15T14:53:07.1401275Z   [1m[94m|[0m
2026-09-15T14:53:07.1401653Z [1m[94m9[0m [1m[94m|[0m use log::{error, info, warn, Level, debug};
2026-09-15T14:53:07.1402034Z   [1m[94m|[0m                        [1m[33m^^^^[0m
2026-09-15T14:53:07.1402227Z 
2026-09-15T14:53:07.1402439Z [1m[33mwarning[0m[1m: unused import: `std::fs::File`[0m
2026-09-15T14:53:07.1402768Z   [1m[94m--> [0msrc/lib.rs:19:5
2026-09-15T14:53:07.1403018Z    [1m[94m|[0m
2026-09-15T14:53:07.1403335Z [1m[94m19[0m [1m[94m|[0m use std::fs::File;
2026-09-15T14:53:07.1403714Z    [1m[94m|[0m     [1m[33m^^^^^^^^^^^^^[0m
2026-09-15T14:53:07.1403830Z 
2026-09-15T14:53:07.1404356Z [1m[33mwarning[0m[1m: unused import: `std::ffi::CString`[0m
2026-09-15T14:53:07.1404717Z   [1m[94m--> [0msrc/lib.rs:21:5
2026-09-15T14:53:07.1404968Z    [1m[94m|[0m
2026-09-15T14:53:07.1405373Z [1m[94m21[0m [1m[94m|[0m use std::ffi::CString;
2026-09-15T14:53:07.1405698Z    [1m[94m|[0m     [1m[33m^^^^^^^^^^^^^^^^^[0m
2026-09-15T14:53:07.1405875Z 
2026-09-15T14:53:07.2973061Z [1m[33mwarning[0m[1m: unused variable: `cur_x`[0m
2026-09-15T14:53:07.2973352Z    [1m[94m--> [0msrc/input.rs:133:13
2026-09-15T14:53:07.2973525Z     [1m[94m|[0m
2026-09-15T14:53:07.2973729Z [1m[94m133[0m [1m[94m|[0m         let cur_x = x[pointer_index];
2026-09-15T14:53:07.2974092Z     [1m[94m|[0m             [1m[33m^^^^^[0m [1m[33mhelp: if this is intentional, prefix it with an underscore: `_cur_x`[0m
2026-09-15T14:53:07.2974359Z     [1m[94m|[0m
2026-09-15T14:53:07.2974647Z     [1m[94m= [0m[1mnote[0m: `#[warn(unused_variables)]` (part of `#[warn(unused)]`) on by default
2026-09-15T14:53:07.2974833Z 
2026-09-15T14:53:07.2974938Z [1m[33mwarning[0m[1m: unused variable: `cur_y`[0m
2026-09-15T14:53:07.2975306Z    [1m[94m--> [0msrc/input.rs:134:13
2026-09-15T14:53:07.2975468Z     [1m[94m|[0m
2026-09-15T14:53:07.2975656Z [1m[94m134[0m [1m[94m|[0m         let cur_y = y[pointer_index];
2026-09-15T14:53:07.2975989Z     [1m[94m|[0m             [1m[33m^^^^^[0m [1m[33mhelp: if this is intentional, prefix it with an underscore: `_cur_y`[0m
2026-09-15T14:53:07.2976190Z 
2026-09-15T14:53:07.2976309Z [1m[33mwarning[0m[1m: unused variable: `cur_pressure`[0m
2026-09-15T14:53:07.2976520Z    [1m[94m--> [0msrc/input.rs:135:13
2026-09-15T14:53:07.2976675Z     [1m[94m|[0m
2026-09-15T14:53:07.2976887Z [1m[94m135[0m [1m[94m|[0m         let cur_pressure = pressure[pointer_index];
2026-09-15T14:53:07.2977264Z     [1m[94m|[0m             [1m[33m^^^^^^^^^^^^[0m [1m[33mhelp: if this is intentional, prefix it with an underscore: `_cur_pressure`[0m
2026-09-15T14:53:07.2977484Z 
2026-09-15T14:53:07.3128978Z [1m[33mwarning[0m[1m: constant `KEY_SEND` is never used[0m
2026-09-15T14:53:07.3129616Z   [1m[94m--> [0msrc/uinput_defs.rs:16:11
2026-09-15T14:53:07.3130062Z    [1m[94m|[0m
2026-09-15T14:53:07.3130341Z [1m[94m16[0m [1m[94m|[0m pub const KEY_SEND: u32 = 0x160;
2026-09-15T14:53:07.3130684Z    [1m[94m|[0m           [1m[33m^^^^^^^^[0m
2026-09-15T14:53:07.3130944Z    [1m[94m|[0m
2026-09-15T14:53:07.3131295Z    [1m[94m= [0m[1mnote[0m: `#[warn(dead_code)]` (part of `#[warn(unused)]`) on by default
2026-09-15T14:53:07.3131507Z 
2026-09-15T14:53:07.3131629Z [1m[33mwarning[0m[1m: constant `G_INPUT_MT` is never used[0m
2026-09-15T14:53:07.3131850Z   [1m[94m--> [0msrc/uinput_defs.rs:39:11
2026-09-15T14:53:07.3132011Z    [1m[94m|[0m
2026-09-15T14:53:07.3132190Z [1m[94m39[0m [1m[94m|[0m pub const G_INPUT_MT: u32 = 0;
2026-09-15T14:53:07.3132651Z    [1m[94m|[0m           [1m[33m^^^^^^^^^^[0m
2026-09-15T14:53:07.3132759Z 
2026-09-15T14:53:07.3132899Z [1m[33mwarning[0m[1m: struct `uinput_user_dev` is never constructed[0m
2026-09-15T14:53:07.3133129Z   [1m[94m--> [0msrc/uinput_defs.rs:52:12
2026-09-15T14:53:07.3133287Z    [1m[94m|[0m
2026-09-15T14:53:07.3133459Z [1m[94m52[0m [1m[94m|[0m pub struct uinput_user_dev {
2026-09-15T14:53:07.3133676Z    [1m[94m|[0m            [1m[33m^^^^^^^^^^^^^^^[0m
2026-09-15T14:53:07.3133789Z 
2026-09-15T14:53:07.3133925Z [1m[33mwarning[0m[1m: function `input_event_write` is never used[0m
2026-09-15T14:53:07.3134150Z   [1m[94m--> [0msrc/uinput_defs.rs:68:15
2026-09-15T14:53:07.3134306Z    [1m[94m|[0m
2026-09-15T14:53:07.3134576Z [1m[94m68[0m [1m[94m|[0m pub unsafe fn input_event_write(fd: c_int, type_: u32, code: u32, value: i32) {
2026-09-15T14:53:07.3134871Z    [1m[94m|[0m               [1m[33m^^^^^^^^^^^^^^^^^[0m
2026-09-15T14:53:07.3135237Z 
2026-09-15T14:53:07.3135373Z [1m[33mwarning[0m[1m: struct `UinputEvent` is never constructed[0m
2026-09-15T14:53:07.3135595Z   [1m[94m--> [0msrc/uinput_defs.rs:87:8
2026-09-15T14:53:07.3135751Z    [1m[94m|[0m
2026-09-15T14:53:07.3135906Z [1m[94m87[0m [1m[94m|[0m struct UinputEvent {
2026-09-15T14:53:07.3136099Z    [1m[94m|[0m        [1m[33m^^^^^^^^^^^[0m
2026-09-15T14:53:07.3136233Z 
2026-09-15T14:53:08.0729930Z [1m[33mwarning[0m: `twoyi` (lib) generated 12 warnings (run `cargo fix --lib -p twoyi` to apply 7 suggestions)
2026-09-15T14:53:08.0730405Z [1m[92m    Finished[0m `release` profile [optimized] target(s) in 13.45s
2026-09-15T14:53:08.1232068Z [2026-09-15T14:53:08Z INFO  cargo_xdk::cli] Copying libraries to ../src/main/jniLibs...
2026-09-15T14:53:08.1232839Z [2026-09-15T14:53:08Z INFO  cargo_xdk::cli] /home/runner/work/twoyi/twoyi/app/rs/target/aarch64-linux-android/release/libtwoyi.so -> ../src/main/jniLibs/arm64-v8a/libtwoyi.so
2026-09-15T14:53:08.1342668Z Build succeeded on attempt 1
2026-09-15T14:53:08.1376094Z ##[group]Run for attempt in 1 2 3 4 5; do
2026-09-15T14:53:08.1376300Z [36;1mfor attempt in 1 2 3 4 5; do[0m
2026-09-15T14:53:08.1376474Z [36;1m  echo "=== Gradle build attempt $attempt ==="[0m
2026-09-15T14:53:08.1376675Z [36;1m  if ./gradlew assembleDebug assembleRelease; then[0m
2026-09-15T14:53:08.1376877Z [36;1m    echo "APK build succeeded on attempt $attempt"[0m
2026-09-15T14:53:08.1377047Z [36;1m    break[0m
2026-09-15T14:53:08.1377159Z [36;1m  fi[0m
2026-09-15T14:53:08.1377322Z [36;1m  echo "APK build failed on attempt $attempt, retrying in 30s..."[0m
2026-09-15T14:53:08.1377518Z [36;1m  sleep 30[0m
2026-09-15T14:53:08.1377633Z [36;1mdone[0m
2026-09-15T14:53:08.1377754Z [36;1mecho "=== APK output files ==="[0m
2026-09-15T14:53:08.1377983Z [36;1mfind app/build/outputs -name "*.apk" -ls 2>/dev/null || echo "No APK files found"[0m
2026-09-15T14:53:08.1378231Z [36;1m# Copy all APKs to a known flat directory[0m
2026-09-15T14:53:08.1378423Z [36;1mmkdir -p apk-output[0m
2026-09-15T14:53:08.1378611Z [36;1mfind app/build/outputs -name "*.apk" -exec cp {} apk-output/ \;[0m
2026-09-15T14:53:08.1378811Z [36;1mecho "=== Copied APKs ==="[0m
2026-09-15T14:53:08.1378990Z [36;1mls -la apk-output/ 2>/dev/null || echo "No APKs copied"[0m
2026-09-15T14:53:08.1408093Z shell: /usr/bin/bash -e {0}
2026-09-15T14:53:08.1408230Z env:
2026-09-15T14:53:08.1408397Z   JAVA_HOME: /opt/hostedtoolcache/Java_Temurin-Hotspot_jdk/17.0.20-1/x64
2026-09-15T14:53:08.1408655Z   JAVA_HOME_17_X64: /opt/hostedtoolcache/Java_Temurin-Hotspot_jdk/17.0.20-1/x64
2026-09-15T14:53:08.1408857Z   MAVEN_ARGS: -ntp
2026-09-15T14:53:08.1408980Z   CARGO_HOME: /home/runner/.cargo
2026-09-15T14:53:08.1409119Z   CARGO_INCREMENTAL: 0
2026-09-15T14:53:08.1409243Z   CARGO_TERM_COLOR: always
2026-09-15T14:53:08.1409408Z   ANDROID_NDK_HOME: /usr/local/lib/android/sdk/ndk/25.2.9519653
2026-09-15T14:53:08.1409588Z ##[endgroup]
2026-09-15T14:53:08.1453834Z === Gradle build attempt 1 ===
2026-09-15T14:53:08.6092297Z 
2026-09-15T14:53:08.6093362Z Welcome to Gradle 8.7!
2026-09-15T14:53:08.6093611Z 
2026-09-15T14:53:08.6094437Z Here are the highlights of this release:
2026-09-15T14:53:08.6099468Z  - Compiling and testing with Java 22
2026-09-15T14:53:08.6100462Z  - Cacheable Groovy script compilation
2026-09-15T14:53:08.6101124Z  - New methods in lazy collection properties
2026-09-15T14:53:08.6101297Z 
2026-09-15T14:53:08.6102408Z For more details see https://docs.gradle.org/8.7/release-notes.html
2026-09-15T14:53:08.6102724Z 
2026-09-15T14:53:08.9092649Z Starting a Gradle Daemon (subsequent builds will be faster)
2026-09-15T14:53:15.1089612Z WARNING: We recommend using a newer Android Gradle plugin to use compileSdk = 36
2026-09-15T14:53:15.1130794Z 
2026-09-15T14:53:15.1149806Z This Android Gradle plugin (8.5.0) was tested up to compileSdk = 34.
2026-09-15T14:53:15.1175433Z 
2026-09-15T14:53:15.1195600Z You are strongly encouraged to update your project to use a newer
2026-09-15T14:53:15.1205533Z Android Gradle plugin that has been tested with compileSdk = 36.
2026-09-15T14:53:15.1205816Z 
2026-09-15T14:53:15.1205989Z If you are already using the latest version of the Android Gradle plugin,
2026-09-15T14:53:15.1206691Z you may need to wait until a newer version with support for compileSdk = 36 is available.
2026-09-15T14:53:15.1206996Z 
2026-09-15T14:53:15.1207142Z For more information refer to the compatibility table:
2026-09-15T14:53:15.1207496Z https://d.android.com/r/tools/api-level-support
2026-09-15T14:53:15.1207698Z 
2026-09-15T14:53:15.1207802Z To suppress this warning, add/update
2026-09-15T14:53:15.1208086Z     android.suppressUnsupportedCompileSdk=36
2026-09-15T14:53:15.1208381Z to this project's gradle.properties.
2026-09-15T14:53:15.3131535Z > Task :app:preBuild UP-TO-DATE
2026-09-15T14:53:15.3145927Z > Task :app:preDebugBuild UP-TO-DATE
2026-09-15T14:53:15.3165847Z > Task :app:mergeDebugNativeDebugMetadata NO-SOURCE
2026-09-15T14:53:15.3185843Z > Task :app:generateDebugBuildConfig
2026-09-15T14:53:15.5103988Z [2026-09-15T14:53:15Z WARN  cargo_xdk::cli] Environment variable `ANDROID_NDK_HOME = "/usr/local/lib/android/sdk/ndk/25.2.9519653"` doesn't match `ANDROID_NDK_ROOT = "/usr/local/lib/android/sdk/ndk/27.3.13750724"`
2026-09-15T14:53:15.5121681Z 
2026-09-15T14:53:15.5121836Z > Task :app:cargoBuild
2026-09-15T14:53:15.5121985Z 
2026-09-15T14:53:15.5122149Z > Task :app:javaPreCompileDebug
2026-09-15T14:53:15.5128733Z [2026-09-15T14:53:15Z INFO  cargo_xdk::cli] Using NDK at path: /usr/local/lib/android/sdk/ndk/25.2.9519653 (ANDROID_NDK_HOME)
2026-09-15T14:53:15.5135962Z [2026-09-15T14:53:15Z INFO  cargo_xdk::cli] NDK API level: 21
2026-09-15T14:53:15.5136427Z [2026-09-15T14:53:15Z INFO  cargo_xdk::cli] Building targets: arm64-v8a
2026-09-15T14:53:15.5136919Z [2026-09-15T14:53:15Z INFO  cargo_xdk::cli] Building arm64-v8a (aarch64-linux-android)
2026-09-15T14:53:15.5137871Z [1m[33mwarning[0m[1m: unused import: `jni::objects::JValue`[0m
2026-09-15T14:53:15.5138315Z  [1m[94m--> [0msrc/lib.rs:5:5
2026-09-15T14:53:15.5138610Z   [1m[94m|[0m
2026-09-15T14:53:15.5138941Z [1m[94m5[0m [1m[94m|[0m use jni::objects::JValue;
2026-09-15T14:53:15.5139327Z   [1m[94m|[0m     [1m[33m^^^^^^^^^^^^^^^^^^^^[0m
2026-09-15T14:53:15.5139645Z   [1m[94m|[0m
2026-09-15T14:53:15.5140014Z   [1m[94m= [0m[1mnote[0m: `#[warn(unused_imports)]` (part of `#[warn(unused)]`) on by default
2026-09-15T14:53:15.5140362Z 
2026-09-15T14:53:15.5140657Z [1m[33mwarning[0m[1m: unused import: `warn`[0m
2026-09-15T14:53:15.5141022Z  [1m[94m--> [0msrc/lib.rs:9:24
2026-09-15T14:53:15.5141303Z   [1m[94m|[0m
2026-09-15T14:53:15.5141676Z [1m[94m9[0m [1m[94m|[0m use log::{error, info, warn, Level, debug};
2026-09-15T14:53:15.5142107Z   [1m[94m|[0m                        [1m[33m^^^^[0m
2026-09-15T14:53:15.5142337Z 
2026-09-15T14:53:15.5142628Z [1m[33mwarning[0m[1m: unused import: `std::fs::File`[0m
2026-09-15T14:53:15.5143154Z   [1m[94m--> [0msrc/lib.rs:19:5
2026-09-15T14:53:15.5143493Z    [1m[94m|[0m
2026-09-15T14:53:15.5143779Z [1m[94m19[0m [1m[94m|[0m use std::fs::File;
2026-09-15T14:53:15.5144134Z    [1m[94m|[0m     [1m[33m^^^^^^^^^^^^^[0m
2026-09-15T14:53:15.5144343Z 
2026-09-15T14:53:15.5144721Z [1m[33mwarning[0m[1m: unused import: `std::ffi::CString`[0m
2026-09-15T14:53:15.5147365Z   [1m[94m--> [0msrc/lib.rs:21:5
2026-09-15T14:53:15.5147940Z    [1m[94m|[0m
2026-09-15T14:53:15.5148245Z [1m[94m21[0m [1m[94m|[0m use std::ffi::CString;
2026-09-15T14:53:15.5148584Z    [1m[94m|[0m     [1m[33m^^^^^^^^^^^^^^^^^[0m
2026-09-15T14:53:15.5148759Z 
2026-09-15T14:53:15.5148926Z [1m[33mwarning[0m[1m: unused variable: `cur_x`[0m
2026-09-15T14:53:15.5149244Z    [1m[94m--> [0msrc/input.rs:133:13
2026-09-15T14:53:15.5149500Z     [1m[94m|[0m
2026-09-15T14:53:15.5149800Z [1m[94m133[0m [1m[94m|[0m         let cur_x = x[pointer_index];
2026-09-15T14:53:15.5150362Z     [1m[94m|[0m             [1m[33m^^^^^[0m [1m[33mhelp: if this is intentional, prefix it with an underscore: `_cur_x`[0m
2026-09-15T14:53:15.5151066Z     [1m[94m|[0m
2026-09-15T14:53:15.5151455Z     [1m[94m= [0m[1mnote[0m: `#[warn(unused_variables)]` (part of `#[warn(unused)]`) on by default
2026-09-15T14:53:15.5151751Z 
2026-09-15T14:53:15.5151915Z [1m[33mwarning[0m[1m: unused variable: `cur_y`[0m
2026-09-15T14:53:15.5152237Z    [1m[94m--> [0msrc/input.rs:134:13
2026-09-15T14:53:15.5152492Z     [1m[94m|[0m
2026-09-15T14:53:15.5152788Z [1m[94m134[0m [1m[94m|[0m         let cur_y = y[pointer_index];
2026-09-15T14:53:15.5153341Z     [1m[94m|[0m             [1m[33m^^^^^[0m [1m[33mhelp: if this is intentional, prefix it with an underscore: `_cur_y`[0m
2026-09-15T14:53:15.5153675Z 
2026-09-15T14:53:15.5153858Z [1m[33mwarning[0m[1m: unused variable: `cur_pressure`[0m
2026-09-15T14:53:15.5154210Z    [1m[94m--> [0msrc/input.rs:135:13
2026-09-15T14:53:15.5154459Z     [1m[94m|[0m
2026-09-15T14:53:15.5154942Z [1m[94m135[0m [1m[94m|[0m         let cur_pressure = pressure[pointer_index];
2026-09-15T14:53:15.5155694Z     [1m[94m|[0m             [1m[33m^^^^^^^^^^^^[0m [1m[33mhelp: if this is intentional, prefix it with an underscore: `_cur_pressure`[0m
2026-09-15T14:53:15.5156060Z 
2026-09-15T14:53:15.5156246Z [1m[33mwarning[0m[1m: constant `KEY_SEND` is never used[0m
2026-09-15T14:53:15.5156593Z   [1m[94m--> [0msrc/uinput_defs.rs:16:11
2026-09-15T14:53:15.5156858Z    [1m[94m|[0m
2026-09-15T14:53:15.5157142Z [1m[94m16[0m [1m[94m|[0m pub const KEY_SEND: u32 = 0x160;
2026-09-15T14:53:15.5157475Z    [1m[94m|[0m           [1m[33m^^^^^^^^[0m
2026-09-15T14:53:15.5157729Z    [1m[94m|[0m
2026-09-15T14:53:15.5158080Z    [1m[94m= [0m[1mnote[0m: `#[warn(dead_code)]` (part of `#[warn(unused)]`) on by default
2026-09-15T14:53:15.5158360Z 
2026-09-15T14:53:15.5158555Z [1m[33mwarning[0m[1m: constant `G_INPUT_MT` is never used[0m
2026-09-15T14:53:15.5158903Z   [1m[94m--> [0msrc/uinput_defs.rs:39:11
2026-09-15T14:53:15.5159165Z    [1m[94m|[0m
2026-09-15T14:53:15.5159447Z [1m[94m39[0m [1m[94m|[0m pub const G_INPUT_MT: u32 = 0;
2026-09-15T14:53:15.5159778Z    [1m[94m|[0m           [1m[33m^^^^^^^^^^[0m
2026-09-15T14:53:15.5159955Z 
2026-09-15T14:53:15.5160178Z [1m[33mwarning[0m[1m: struct `uinput_user_dev` is never constructed[0m
2026-09-15T14:53:15.5160560Z   [1m[94m--> [0msrc/uinput_defs.rs:52:12
2026-09-15T14:53:15.5160817Z    [1m[94m|[0m
2026-09-15T14:53:15.5161089Z [1m[94m52[0m [1m[94m|[0m pub struct uinput_user_dev {
2026-09-15T14:53:15.5161436Z    [1m[94m|[0m            [1m[33m^^^^^^^^^^^^^^^[0m
2026-09-15T14:53:15.5161617Z 
2026-09-15T14:53:15.5161829Z [1m[33mwarning[0m[1m: function `input_event_write` is never used[0m
2026-09-15T14:53:15.5162245Z   [1m[94m--> [0msrc/uinput_defs.rs:68:15
2026-09-15T14:53:15.5162503Z    [1m[94m|[0m
2026-09-15T14:53:15.5162935Z [1m[94m68[0m [1m[94m|[0m pub unsafe fn input_event_write(fd: c_int, type_: u32, code: u32, value: i32) {
2026-09-15T14:53:15.5163430Z    [1m[94m|[0m               [1m[33m^^^^^^^^^^^^^^^^^[0m
2026-09-15T14:53:15.5163616Z 
2026-09-15T14:53:15.5163828Z [1m[33mwarning[0m[1m: struct `UinputEvent` is never constructed[0m
2026-09-15T14:53:15.5164200Z   [1m[94m--> [0msrc/uinput_defs.rs:87:8
2026-09-15T14:53:15.5164452Z    [1m[94m|[0m
2026-09-15T14:53:15.5164698Z [1m[94m87[0m [1m[94m|[0m struct UinputEvent {
2026-09-15T14:53:15.5165135Z    [1m[94m|[0m        [1m[33m^^^^^^^^^^^[0m
2026-09-15T14:53:15.5165303Z 
2026-09-15T14:53:15.5165654Z [1m[33mwarning[0m: `twoyi` (lib) generated 12 warnings (run `cargo fix --lib -p twoyi` to apply 7 suggestions)
2026-09-15T14:53:15.5166226Z [1m[92m    Finished[0m `release` profile [optimized] target(s) in 0.02s
2026-09-15T14:53:15.5166682Z [2026-09-15T14:53:15Z INFO  cargo_xdk::cli] Copying libraries to ../src/main/jniLibs...
2026-09-15T14:53:15.5167453Z [2026-09-15T14:53:15Z INFO  cargo_xdk::cli] /home/runner/work/twoyi/twoyi/app/rs/target/aarch64-linux-android/release/libtwoyi.so -> ../src/main/jniLibs/arm64-v8a/libtwoyi.so
2026-09-15T14:53:15.9116132Z > Task :app:generateDebugResValues
2026-09-15T14:53:15.9125731Z > Task :app:checkDebugAarMetadata
2026-09-15T14:53:15.9155836Z > Task :app:mapDebugSourceSetPaths
2026-09-15T14:53:15.9165898Z > Task :app:generateDebugResources
2026-09-15T14:53:16.7106222Z > Task :app:packageDebugResources
2026-09-15T14:53:17.3087010Z > Task :app:mergeDebugResources
2026-09-15T14:53:18.3096419Z > Task :app:createDebugCompatibleScreenManifests
2026-09-15T14:53:18.3096926Z > Task :app:extractDeepLinksDebug
2026-09-15T14:53:18.5088076Z > Task :app:parseDebugLocalResources
2026-09-15T14:53:18.6098153Z 
2026-09-15T14:53:18.6107547Z > Task :app:processDebugMainManifest
2026-09-15T14:53:18.6108143Z package="io.twoyi" found in source AndroidManifest.xml: /home/runner/work/twoyi/twoyi/app/src/main/AndroidManifest.xml.
2026-09-15T14:53:18.6109196Z Setting the namespace via the package attribute in the source AndroidManifest.xml is no longer supported, and the value is ignored.
2026-09-15T14:53:18.6109859Z Recommendation: remove package="io.twoyi" from the source AndroidManifest.xml: /home/runner/work/twoyi/twoyi/app/src/main/AndroidManifest.xml.
2026-09-15T14:53:18.6110394Z /home/runner/work/twoyi/twoyi/app/src/main/AndroidManifest.xml:35:9-41 Warning:
2026-09-15T14:53:18.6111128Z 	android:extractNativeLibs should not be specified in this source AndroidManifest.xml file. See https://d.android.com/guide/topics/manifest/application-element#extractNativeLibs for more information.
2026-09-15T14:53:18.6111955Z The AGP Upgrade Assistant can remove the attribute from the AndroidManifest.xml file and update the build file accordingly. See https://d.android.com/studio/build/agp-upgrade-assistant for more information.
2026-09-15T14:53:18.8091903Z 
2026-09-15T14:53:18.8117180Z > Task :app:processDebugManifest
2026-09-15T14:53:18.9088521Z > Task :app:mergeDebugShaders
2026-09-15T14:53:18.9098567Z > Task :app:compileDebugShaders NO-SOURCE
2026-09-15T14:53:18.9099179Z > Task :app:generateDebugAssets UP-TO-DATE
2026-09-15T14:53:19.4107595Z > Task :app:mergeDebugAssets
2026-09-15T14:53:19.5096167Z > Task :app:desugarDebugFileDependencies
2026-09-15T14:53:19.5145571Z > Task :app:processDebugManifestForPackage
2026-09-15T14:53:19.8088752Z > Task :app:mergeDebugStartupProfile
2026-09-15T14:53:19.9110032Z > Task :app:checkDebugDuplicateClasses
2026-09-15T14:53:19.9133385Z > Task :app:mergeDebugJniLibFolders
2026-09-15T14:53:20.1099776Z > Task :app:mergeLibDexDebug
2026-09-15T14:53:20.7106458Z > Task :app:processDebugResources
2026-09-15T14:53:20.7166158Z > Task :app:mergeDebugNativeLibs
2026-09-15T14:53:24.9086916Z Note: [1] Wrote GeneratedAppGlideModule with: []
2026-09-15T14:53:24.9087219Z 
2026-09-15T14:53:24.9091211Z > Task :app:compileDebugJavaWithJavac
2026-09-15T14:53:25.1085605Z 
2026-09-15T14:53:25.1125942Z > Task :app:compressDebugAssets
2026-09-15T14:53:25.4087311Z > Task :app:mergeExtDexDebug
2026-09-15T14:53:26.0085130Z 
2026-09-15T14:53:26.0087217Z Note: Some input files use or override a deprecated API.
2026-09-15T14:53:26.0111131Z Note: Recompile with -Xlint:deprecation for details.
2026-09-15T14:53:26.0117723Z > Task :app:compileDebugJavaWithJavac
2026-09-15T14:53:27.8090536Z 
2026-09-15T14:53:27.8116479Z > Task :app:dexBuilderDebug
2026-09-15T14:53:27.9126175Z > Task :app:mergeDebugGlobalSynthetics
2026-09-15T14:53:27.9185878Z > Task :app:processDebugJavaRes
2026-09-15T14:53:28.1086759Z 
2026-09-15T14:53:28.1116004Z > Task :app:stripDebugDebugSymbols
2026-09-15T14:53:28.1146029Z Unable to strip the following libraries, packaging them as they are: libOpenglRender.so, libadb.so, libloader.so, libtwoyi.so, libtwoyi_hal_stub.so, libtwoyi_init.so.
2026-09-15T14:53:28.1146630Z 
2026-09-15T14:53:28.1165741Z > Task :app:mergeProjectDexDebug
2026-09-15T14:53:28.6087030Z > Task :app:mergeDebugJavaResource
2026-09-15T14:53:29.2116563Z > Task :app:validateSigningDebug
2026-09-15T14:53:29.2117230Z > Task :app:writeDebugAppMetadata
2026-09-15T14:53:29.3126409Z > Task :app:writeDebugSigningConfigVersions
2026-09-15T14:53:29.3145987Z > Task :app:preReleaseBuild UP-TO-DATE
2026-09-15T14:53:29.3151760Z > Task :app:generateReleaseBuildConfig
2026-09-15T14:53:29.3151965Z > Task :app:javaPreCompileRelease
2026-09-15T14:53:29.3152134Z > Task :app:checkReleaseAarMetadata
2026-09-15T14:53:29.3152294Z > Task :app:generateReleaseResValues
2026-09-15T14:53:29.3152455Z > Task :app:mapReleaseSourceSetPaths
2026-09-15T14:53:29.3152611Z > Task :app:generateReleaseResources
2026-09-15T14:53:30.4116624Z > Task :app:mergeReleaseResources
2026-09-15T14:53:30.4140676Z 
2026-09-15T14:53:30.4156445Z > Task :app:packageDebug
2026-09-15T14:53:30.4159568Z PackagingOptions.jniLibs.useLegacyPackaging should be set to true because android:extractNativeLibs is set to "true" in AndroidManifest.xml.
2026-09-15T14:53:30.4160293Z 
2026-09-15T14:53:30.4160540Z > Task :app:createDebugApkListingFileRedirect
2026-09-15T14:53:30.4160930Z > Task :app:assembleDebug
2026-09-15T14:53:30.4161316Z > Task :app:packageReleaseResources
2026-09-15T14:53:30.4162010Z > Task :app:createReleaseCompatibleScreenManifests
2026-09-15T14:53:30.4162425Z > Task :app:extractDeepLinksRelease
2026-09-15T14:53:30.4162819Z > Task :app:parseReleaseLocalResources
2026-09-15T14:53:30.5095717Z 
2026-09-15T14:53:30.5128702Z > Task :app:processReleaseMainManifest
2026-09-15T14:53:30.5129618Z package="io.twoyi" found in source AndroidManifest.xml: /home/runner/work/twoyi/twoyi/app/src/main/AndroidManifest.xml.
2026-09-15T14:53:30.5169050Z Setting the namespace via the package attribute in the source AndroidManifest.xml is no longer supported, and the value is ignored.
2026-09-15T14:53:30.5175687Z Recommendation: remove package="io.twoyi" from the source AndroidManifest.xml: /home/runner/work/twoyi/twoyi/app/src/main/AndroidManifest.xml.
2026-09-15T14:53:30.5195617Z /home/runner/work/twoyi/twoyi/app/src/main/AndroidManifest.xml:35:9-41 Warning:
2026-09-15T14:53:30.5226018Z 	android:extractNativeLibs should not be specified in this source AndroidManifest.xml file. See https://d.android.com/guide/topics/manifest/application-element#extractNativeLibs for more information.
2026-09-15T14:53:30.5286123Z The AGP Upgrade Assistant can remove the attribute from the AndroidManifest.xml file and update the build file accordingly. See https://d.android.com/studio/build/agp-upgrade-assistant for more information.
2026-09-15T14:53:30.5315239Z 
2026-09-15T14:53:30.5345706Z > Task :app:processReleaseManifest
2026-09-15T14:53:30.5355489Z > Task :app:extractProguardFiles
2026-09-15T14:53:30.5375519Z > Task :app:mergeReleaseJniLibFolders
2026-09-15T14:53:30.5405543Z > Task :app:desugarReleaseFileDependencies
2026-09-15T14:53:30.5435542Z > Task :app:processReleaseManifestForPackage
2026-09-15T14:53:30.5465432Z > Task :app:checkReleaseDuplicateClasses
2026-09-15T14:53:30.5488718Z > Task :app:mergeReleaseNativeLibs
2026-09-15T14:53:30.6106086Z > Task :app:mergeReleaseStartupProfile
2026-09-15T14:53:30.7105476Z 
2026-09-15T14:53:30.7135976Z > Task :app:stripReleaseDebugSymbols
2026-09-15T14:53:30.7167957Z Unable to strip the following libraries, packaging them as they are: libOpenglRender.so, libadb.so, libloader.so, libtwoyi.so, libtwoyi_hal_stub.so, libtwoyi_init.so.
2026-09-15T14:53:30.7183242Z 
2026-09-15T14:53:30.7235756Z > Task :app:mergeReleaseArtProfile
2026-09-15T14:53:30.8106320Z > Task :app:mergeReleaseShaders
2026-09-15T14:53:30.8119234Z > Task :app:extractReleaseNativeSymbolTables
2026-09-15T14:53:30.8165455Z > Task :app:compileReleaseShaders NO-SOURCE
2026-09-15T14:53:30.8195646Z > Task :app:mergeReleaseNativeDebugMetadata NO-SOURCE
2026-09-15T14:53:30.8209062Z > Task :app:generateReleaseAssets UP-TO-DATE
2026-09-15T14:53:31.3096409Z > Task :app:processReleaseResources
2026-09-15T14:53:31.3135598Z > Task :app:mergeReleaseAssets
2026-09-15T14:53:32.5085262Z 
2026-09-15T14:53:32.5106136Z Note: [1] Wrote GeneratedAppGlideModule with: []
2026-09-15T14:53:32.5106584Z > Task :app:compileReleaseJavaWithJavac
2026-09-15T14:53:32.5125762Z Note: Some input files use or override a deprecated API.
2026-09-15T14:53:32.5142535Z Note: Recompile with -Xlint:deprecation for details.
2026-09-15T14:53:33.0131520Z 
2026-09-15T14:53:33.0165906Z > Task :app:generateReleaseLintVitalReportModel
2026-09-15T14:53:33.7086913Z > Task :app:mergeExtDexRelease
2026-09-15T14:53:37.3115522Z > Task :app:dexBuilderRelease
2026-09-15T14:53:37.4106546Z > Task :app:mergeReleaseGlobalSynthetics
2026-09-15T14:53:37.5095998Z > Task :app:extractReleaseVersionControlInfo
2026-09-15T14:53:37.5125630Z > Task :app:processReleaseJavaRes
2026-09-15T14:53:40.6106159Z > Task :app:mergeDexRelease
2026-09-15T14:53:40.9096083Z > Task :app:mergeReleaseJavaResource
2026-09-15T14:53:41.2095381Z > Task :app:optimizeReleaseResources
2026-09-15T14:53:41.2095879Z > Task :app:compileReleaseArtProfile
2026-09-15T14:53:41.3086255Z > Task :app:collectReleaseDependencies
2026-09-15T14:53:41.4087073Z > Task :app:sdkReleaseDependencyData
2026-09-15T14:53:41.4095566Z > Task :app:writeReleaseAppMetadata
2026-09-15T14:53:41.4126066Z > Task :app:writeReleaseSigningConfigVersions
2026-09-15T14:53:42.8097987Z > Task :app:compressReleaseAssets
2026-09-15T14:53:43.6084754Z 
2026-09-15T14:53:43.6085501Z > Task :app:packageRelease
2026-09-15T14:53:43.6086000Z PackagingOptions.jniLibs.useLegacyPackaging should be set to true because android:extractNativeLibs is set to "true" in AndroidManifest.xml.
2026-09-15T14:53:43.6086373Z 
2026-09-15T14:53:43.6086841Z > Task :app:createReleaseApkListingFileRedirect
2026-09-15T14:53:43.7091712Z > Task :app:lintVitalAnalyzeRelease
2026-09-15T14:53:43.8085256Z > Task :app:lintVitalReportRelease
2026-09-15T14:53:43.8085861Z > Task :app:lintVitalRelease
2026-09-15T14:53:43.8094130Z > Task :app:assembleRelease
2026-09-15T14:53:43.8125516Z 
2026-09-15T14:53:43.8134711Z Deprecated Gradle features were used in this build, making it incompatible with Gradle 9.0.
2026-09-15T14:53:43.8135495Z 
2026-09-15T14:53:43.8140801Z You can use '--warning-mode all' to show the individual deprecation warnings and determine if they come from your own scripts or plugins.
2026-09-15T14:53:43.8150040Z 
2026-09-15T14:53:43.8150767Z For more on this, please refer to https://docs.gradle.org/8.7/userguide/command_line_interface.html#sec:command_line_warnings in the Gradle documentation.
2026-09-15T14:53:43.8151548Z 
2026-09-15T14:53:43.8151783Z BUILD SUCCESSFUL in 35s
2026-09-15T14:53:43.8152156Z 85 actionable tasks: 85 executed
2026-09-15T14:53:44.1700064Z APK build succeeded on attempt 1
2026-09-15T14:53:44.1700364Z === APK output files ===
2026-09-15T14:53:44.1715838Z   9721244 208004 -rw-r--r--   1 runner   runner   212993036 Sep 15 14:53 app/build/outputs/apk/debug/twoyi_0.6.0-09151453-debug.apk
2026-09-15T14:53:44.1716316Z   9722345 206428 -rw-r--r--   1 runner   runner   211378394 Sep 15 14:53 app/build/outputs/apk/release/twoyi_0.6.0-09151453-release-unsigned.apk
2026-09-15T14:53:44.2779229Z === Copied APKs ===
2026-09-15T14:53:44.2792661Z total 414440
2026-09-15T14:53:44.2792921Z drwxr-xr-x  2 runner runner      4096 Sep 15 14:53 .
2026-09-15T14:53:44.2793298Z drwxr-xr-x 10 runner runner      4096 Sep 15 14:53 ..
2026-09-15T14:53:44.2793613Z -rw-r--r--  1 runner runner 212993036 Sep 15 14:53 twoyi_0.6.0-09151453-debug.apk
2026-09-15T14:53:44.2794069Z -rw-r--r--  1 runner runner 211378394 Sep 15 14:53 twoyi_0.6.0-09151453-release-unsigned.apk
2026-09-15T14:53:44.2827258Z Node 20 is being deprecated. This workflow is running with Node 24 by default. If you need to temporarily use Node 20, you can set the ACTIONS_ALLOW_USE_UNSECURE_NODE_VERSION=true environment variable. For more information see: https://github.blog/changelog/2025-09-19-deprecation-of-node-20-on-github-actions-runners/
2026-09-15T14:53:44.2827978Z ##[group]Run actions/upload-artifact@v4
2026-09-15T14:53:44.2828133Z with:
2026-09-15T14:53:44.2828251Z   name: twoyi-debug-apk
2026-09-15T14:53:44.2828389Z   path: apk-output/*.apk
2026-09-15T14:53:44.2828518Z   retention-days: 7
2026-09-15T14:53:44.2828644Z   if-no-files-found: warn
2026-09-15T14:53:44.2828918Z   compression-level: 6
2026-09-15T14:53:44.2829041Z   overwrite: false
2026-09-15T14:53:44.2829167Z   include-hidden-files: false
2026-09-15T14:53:44.2829303Z env:
2026-09-15T14:53:44.2829471Z   JAVA_HOME: /opt/hostedtoolcache/Java_Temurin-Hotspot_jdk/17.0.20-1/x64
2026-09-15T14:53:44.2829760Z   JAVA_HOME_17_X64: /opt/hostedtoolcache/Java_Temurin-Hotspot_jdk/17.0.20-1/x64
2026-09-15T14:53:44.2830005Z   MAVEN_ARGS: -ntp
2026-09-15T14:53:44.2830132Z   CARGO_HOME: /home/runner/.cargo
2026-09-15T14:53:44.2830276Z   CARGO_INCREMENTAL: 0
2026-09-15T14:53:44.2830405Z   CARGO_TERM_COLOR: always
2026-09-15T14:53:44.2830580Z   ANDROID_NDK_HOME: /usr/local/lib/android/sdk/ndk/25.2.9519653
2026-09-15T14:53:44.2830787Z ##[endgroup]
2026-09-15T14:53:44.3900004Z (node:5178) [DEP0040] DeprecationWarning: The `punycode` module is deprecated. Please use a userland alternative instead.
2026-09-15T14:53:44.3900396Z (Use `node --trace-deprecation ...` to show where the warning was created)
2026-09-15T14:53:44.3934099Z With the provided path, there will be 2 files uploaded
2026-09-15T14:53:44.3937950Z Artifact name is valid!
2026-09-15T14:53:44.3938463Z Root directory input is valid!
2026-09-15T14:53:44.7230165Z Beginning upload of artifact content to blob storage
2026-09-15T14:53:44.8982238Z (node:5178) [DEP0169] DeprecationWarning: `url.parse()` behavior is not standardized and prone to errors that have security implications. Use the WHATWG URL API instead. CVEs are not issued for `url.parse()` vulnerabilities.
2026-09-15T14:53:45.6084013Z Uploaded bytes 8388608
2026-09-15T14:53:45.7536871Z Uploaded bytes 16777216
2026-09-15T14:53:45.8221780Z Uploaded bytes 25165824
2026-09-15T14:53:45.9003665Z Uploaded bytes 33554432
2026-09-15T14:53:46.0309743Z Uploaded bytes 41943040
2026-09-15T14:53:46.1844477Z Uploaded bytes 50331648
2026-09-15T14:53:46.2454939Z Uploaded bytes 58720256
2026-09-15T14:53:46.3218906Z Uploaded bytes 67108864
2026-09-15T14:53:46.4689845Z Uploaded bytes 75497472
2026-09-15T14:53:46.6765225Z Uploaded bytes 83886080
2026-09-15T14:53:46.8623041Z Uploaded bytes 92274688
2026-09-15T14:53:46.9468835Z Uploaded bytes 100663296
2026-09-15T14:53:47.1062159Z Uploaded bytes 109051904
2026-09-15T14:53:47.3451734Z Uploaded bytes 117440512
2026-09-15T14:53:47.4780317Z Uploaded bytes 125829120
2026-09-15T14:53:47.5949949Z Uploaded bytes 134217728
2026-09-15T14:53:47.8450636Z Uploaded bytes 142606336
2026-09-15T14:53:47.9788476Z Uploaded bytes 150994944
2026-09-15T14:53:48.1546143Z Uploaded bytes 159383552
2026-09-15T14:53:48.3474310Z Uploaded bytes 167772160
2026-09-15T14:53:48.4654819Z Uploaded bytes 176160768
2026-09-15T14:53:48.6613772Z Uploaded bytes 184549376
2026-09-15T14:53:48.8108725Z Uploaded bytes 192937984
2026-09-15T14:53:48.9622774Z Uploaded bytes 201326592
2026-09-15T14:53:49.1212869Z Uploaded bytes 209715200
2026-09-15T14:53:49.3211892Z Uploaded bytes 218103808
2026-09-15T14:53:49.5145425Z Uploaded bytes 226492416
2026-09-15T14:53:49.7631999Z Uploaded bytes 234881024
2026-09-15T14:53:49.8396368Z Uploaded bytes 243269632
2026-09-15T14:53:50.0976081Z Uploaded bytes 251658240
2026-09-15T14:53:50.2441557Z Uploaded bytes 260046848
2026-09-15T14:53:50.3953614Z Uploaded bytes 268435456
2026-09-15T14:53:50.7418120Z Uploaded bytes 276824064
2026-09-15T14:53:50.7853183Z Uploaded bytes 285212672
2026-09-15T14:53:51.1598691Z Uploaded bytes 293601280
2026-09-15T14:53:51.3293267Z Uploaded bytes 301989888
2026-09-15T14:53:51.3336499Z Uploaded bytes 310378496
2026-09-15T14:53:51.6122776Z Uploaded bytes 318767104
2026-09-15T14:53:51.7307986Z Uploaded bytes 327155712
2026-09-15T14:53:51.9537884Z Uploaded bytes 335544320
2026-09-15T14:53:52.0136313Z Uploaded bytes 343932928
2026-09-15T14:53:52.2993983Z Uploaded bytes 352321536
2026-09-15T14:53:52.4509977Z Uploaded bytes 360710144
2026-09-15T14:53:52.6129974Z Uploaded bytes 369098752
2026-09-15T14:53:52.7526699Z Uploaded bytes 377487360
2026-09-15T14:53:52.8604812Z Uploaded bytes 385875968
2026-09-15T14:53:53.0645233Z Uploaded bytes 394264576
2026-09-15T14:53:53.2197547Z Uploaded bytes 402653184
2026-09-15T14:53:53.4142976Z Uploaded bytes 411041792
2026-09-15T14:53:53.5464122Z Uploaded bytes 419430400
2026-09-15T14:53:53.6751929Z Uploaded bytes 422451898
2026-09-15T14:53:53.7349704Z Finished uploading artifact content to blob storage!
2026-09-15T14:53:53.7351882Z SHA256 digest of uploaded artifact zip is 8cf4cc5b05189f197f9a3b6a53856d6f6f455cb2772eda46a6971ca7d3ef8876
2026-09-15T14:53:53.7353246Z Finalizing artifact upload
2026-09-15T14:53:54.1284871Z Artifact twoyi-debug-apk.zip successfully finalized. Artifact ID 10403630451
2026-09-15T14:53:54.1285732Z Artifact twoyi-debug-apk has been successfully uploaded! Final size is 422451898 bytes. Artifact ID is 10403630451
2026-09-15T14:53:54.1291871Z Artifact download URL: https://github.com/wumingzhinu/twoyi/actions/runs/34984304209/artifacts/10403630451
2026-09-15T14:53:54.1446753Z Node 20 is being deprecated. This workflow is running with Node 24 by default. If you need to temporarily use Node 20, you can set the ACTIONS_ALLOW_USE_UNSECURE_NODE_VERSION=true environment variable. For more information see: https://github.blog/changelog/2025-09-19-deprecation-of-node-20-on-github-actions-runners/
2026-09-15T14:53:54.1447435Z ##[group]Run actions/upload-artifact@v4
2026-09-15T14:53:54.1447590Z with:
2026-09-15T14:53:54.1447712Z   name: twoyi-release-apk
2026-09-15T14:53:54.1447851Z   path: apk-output/*.apk
2026-09-15T14:53:54.1447985Z   retention-days: 30
2026-09-15T14:53:54.1448110Z   if-no-files-found: warn
2026-09-15T14:53:54.1448243Z   compression-level: 6
2026-09-15T14:53:54.1448378Z   overwrite: false
2026-09-15T14:53:54.1448578Z   include-hidden-files: false
2026-09-15T14:53:54.1448800Z env:
2026-09-15T14:53:54.1449063Z   JAVA_HOME: /opt/hostedtoolcache/Java_Temurin-Hotspot_jdk/17.0.20-1/x64
2026-09-15T14:53:54.1449486Z   JAVA_HOME_17_X64: /opt/hostedtoolcache/Java_Temurin-Hotspot_jdk/17.0.20-1/x64
2026-09-15T14:53:54.1449698Z   MAVEN_ARGS: -ntp
2026-09-15T14:53:54.1449826Z   CARGO_HOME: /home/runner/.cargo
2026-09-15T14:53:54.1449969Z   CARGO_INCREMENTAL: 0
2026-09-15T14:53:54.1450101Z   CARGO_TERM_COLOR: always
2026-09-15T14:53:54.1450273Z   ANDROID_NDK_HOME: /usr/local/lib/android/sdk/ndk/25.2.9519653
2026-09-15T14:53:54.1450457Z ##[endgroup]
2026-09-15T14:53:54.2533489Z (node:5193) [DEP0040] DeprecationWarning: The `punycode` module is deprecated. Please use a userland alternative instead.
2026-09-15T14:53:54.2533885Z (Use `node --trace-deprecation ...` to show where the warning was created)
2026-09-15T14:53:54.2570000Z With the provided path, there will be 2 files uploaded
2026-09-15T14:53:54.2572416Z Artifact name is valid!
2026-09-15T14:53:54.2572838Z Root directory input is valid!
2026-09-15T14:53:54.5734886Z Beginning upload of artifact content to blob storage
2026-09-15T14:53:54.7521848Z (node:5193) [DEP0169] DeprecationWarning: `url.parse()` behavior is not standardized and prone to errors that have security implications. Use the WHATWG URL API instead. CVEs are not issued for `url.parse()` vulnerabilities.
2026-09-15T14:53:55.4670401Z Uploaded bytes 8388608
2026-09-15T14:53:55.6093725Z Uploaded bytes 16777216
2026-09-15T14:53:55.7608100Z Uploaded bytes 25165824
2026-09-15T14:53:55.7724212Z Uploaded bytes 33554432
2026-09-15T14:53:55.8671711Z Uploaded bytes 41943040
2026-09-15T14:53:55.9941617Z Uploaded bytes 50331648
2026-09-15T14:53:56.0961940Z Uploaded bytes 58720256
2026-09-15T14:53:56.2610393Z Uploaded bytes 67108864
2026-09-15T14:53:56.3678646Z Uploaded bytes 75497472
2026-09-15T14:53:56.5872978Z Uploaded bytes 83886080
2026-09-15T14:53:56.6700102Z Uploaded bytes 92274688
2026-09-15T14:53:56.8718758Z Uploaded bytes 100663296
2026-09-15T14:53:57.0049375Z Uploaded bytes 109051904
2026-09-15T14:53:57.1897814Z Uploaded bytes 117440512
2026-09-15T14:53:57.3205758Z Uploaded bytes 125829120
2026-09-15T14:53:57.4996363Z Uploaded bytes 134217728
2026-09-15T14:53:57.6862811Z Uploaded bytes 142606336
2026-09-15T14:53:57.8517684Z Uploaded bytes 150994944
2026-09-15T14:53:58.0261373Z Uploaded bytes 159383552
2026-09-15T14:53:58.1208521Z Uploaded bytes 167772160
2026-09-15T14:53:58.4344544Z Uploaded bytes 176160768
2026-09-15T14:53:58.4540865Z Uploaded bytes 184549376
2026-09-15T14:53:58.7881068Z Uploaded bytes 192937984
2026-09-15T14:53:59.0068369Z Uploaded bytes 201326592
2026-09-15T14:53:59.0548580Z Uploaded bytes 209715200
2026-09-15T14:53:59.2011269Z Uploaded bytes 218103808
2026-09-15T14:53:59.2982745Z Uploaded bytes 226492416
2026-09-15T14:53:59.4551527Z Uploaded bytes 234881024
2026-09-15T14:53:59.6982139Z Uploaded bytes 243269632
2026-09-15T14:53:59.8447227Z Uploaded bytes 251658240
2026-09-15T14:54:00.0338865Z Uploaded bytes 260046848
2026-09-15T14:54:00.1696061Z Uploaded bytes 268435456
2026-09-15T14:54:00.4348741Z Uploaded bytes 276824064
2026-09-15T14:54:00.5126371Z Uploaded bytes 285212672
2026-09-15T14:54:00.6105252Z Uploaded bytes 293601280
2026-09-15T14:54:00.7680283Z Uploaded bytes 301989888
2026-09-15T14:54:00.9424788Z Uploaded bytes 310378496
2026-09-15T14:54:01.1140329Z Uploaded bytes 318767104
2026-09-15T14:54:01.2102518Z Uploaded bytes 327155712
2026-09-15T14:54:01.4791966Z Uploaded bytes 335544320
2026-09-15T14:54:01.5906055Z Uploaded bytes 343932928
2026-09-15T14:54:01.6990895Z Uploaded bytes 352321536
2026-09-15T14:54:01.9809783Z Uploaded bytes 360710144
2026-09-15T14:54:02.3675793Z Uploaded bytes 369098752
2026-09-15T14:54:02.3903462Z Uploaded bytes 377487360
2026-09-15T14:54:02.6326106Z Uploaded bytes 385875968
2026-09-15T14:54:02.6643694Z Uploaded bytes 394264576
2026-09-15T14:54:02.8552679Z Uploaded bytes 402653184
2026-09-15T14:54:02.9957378Z Uploaded bytes 411041792
2026-09-15T14:54:03.0423081Z Uploaded bytes 419430400
2026-09-15T14:54:03.2794638Z Uploaded bytes 422451898
2026-09-15T14:54:03.3358109Z Finished uploading artifact content to blob storage!
2026-09-15T14:54:03.3360296Z SHA256 digest of uploaded artifact zip is 8cf4cc5b05189f197f9a3b6a53856d6f6f455cb2772eda46a6971ca7d3ef8876
2026-09-15T14:54:03.3361961Z Finalizing artifact upload
2026-09-15T14:54:03.7076185Z Artifact twoyi-release-apk.zip successfully finalized. Artifact ID 10402524007
2026-09-15T14:54:03.7076641Z Artifact twoyi-release-apk has been successfully uploaded! Final size is 422451898 bytes. Artifact ID is 10402524007
2026-09-15T14:54:03.7083235Z Artifact download URL: https://github.com/wumingzhinu/twoyi/actions/runs/34984304209/artifacts/10402524007
2026-09-15T14:54:03.7234932Z Node 20 is being deprecated. This workflow is running with Node 24 by default. If you need to temporarily use Node 20, you can set the ACTIONS_ALLOW_USE_UNSECURE_NODE_VERSION=true environment variable. For more information see: https://github.blog/changelog/2025-09-19-deprecation-of-node-20-on-github-actions-runners/
2026-09-15T14:54:03.7235786Z ##[group]Run softprops/action-gh-release@v2
2026-09-15T14:54:03.7235947Z with:
2026-09-15T14:54:03.7236065Z   tag_name: ci-latest
2026-09-15T14:54:03.7236198Z   name: Twoyi CI Build #130
2026-09-15T14:54:03.7236558Z   body: Automated build from commit 672d978920e72a033eb4f23359bf9e409f7fee26
- Android 7-16 compatible (API 24-36)
- Portrait orientation
- Debug & Release APKs

2026-09-15T14:54:03.7236926Z   files: apk-output/*.apk
2026-09-15T14:54:03.7237061Z   make_latest: true
2026-09-15T14:54:03.7237185Z   overwrite_files: true
2026-09-15T14:54:03.7238369Z   token: ***
2026-09-15T14:54:03.7238485Z env:
2026-09-15T14:54:03.7238672Z   JAVA_HOME: /opt/hostedtoolcache/Java_Temurin-Hotspot_jdk/17.0.20-1/x64
2026-09-15T14:54:03.7238940Z   JAVA_HOME_17_X64: /opt/hostedtoolcache/Java_Temurin-Hotspot_jdk/17.0.20-1/x64
2026-09-15T14:54:03.7239151Z   MAVEN_ARGS: -ntp
2026-09-15T14:54:03.7239282Z   CARGO_HOME: /home/runner/.cargo
2026-09-15T14:54:03.7239427Z   CARGO_INCREMENTAL: 0
2026-09-15T14:54:03.7239557Z   CARGO_TERM_COLOR: always
2026-09-15T14:54:03.7239736Z   ANDROID_NDK_HOME: /usr/local/lib/android/sdk/ndk/25.2.9519653
2026-09-15T14:54:03.7239921Z ##[endgroup]
2026-09-15T14:54:04.2042226Z Found release Twoyi CI Build #129 (with id=389059598)
2026-09-15T14:54:04.7852235Z ⬆️ Uploading twoyi_0.6.0-09151453-release-unsigned.apk...
2026-09-15T14:54:04.7853354Z ⬆️ Uploading twoyi_0.6.0-09151453-debug.apk...
2026-09-15T14:54:11.4828849Z ✅ Uploaded twoyi_0.6.0-09151453-debug.apk
2026-09-15T14:54:13.2403130Z ✅ Uploaded twoyi_0.6.0-09151453-release-unsigned.apk
2026-09-15T14:54:13.2403545Z Finalizing release...
2026-09-15T14:54:13.2403841Z Getting assets list...
2026-09-15T14:54:13.5573175Z 🎉 Release ready at https://github.com/wumingzhinu/twoyi/releases/tag/ci-latest
2026-09-15T14:54:13.6042313Z Post job cleanup.
2026-09-15T14:54:13.6829730Z Cache hit occurred on the gradle-wrapper primary key setup-java-Linux-x64-gradle-wrapper-7320f320c8e007f07140853fe1cc8ac478489e629784bb2b2215fdd4e3aacd25, not saving cache.
2026-09-15T14:54:13.6830813Z Cache hit occurred on the primary key setup-java-Linux-x64-gradle-c19b826e35474890d36c06c3b66c0a52510ecf0ef0da91948786a926f7db7441, not saving cache.
2026-09-15T14:54:13.6971508Z Node 20 is being deprecated. This workflow is running with Node 24 by default. If you need to temporarily use Node 20, you can set the ACTIONS_ALLOW_USE_UNSECURE_NODE_VERSION=true environment variable. For more information see: https://github.blog/changelog/2025-09-19-deprecation-of-node-20-on-github-actions-runners/
2026-09-15T14:54:13.6972717Z Post job cleanup.
2026-09-15T14:54:13.7458171Z (node:5228) [DEP0040] DeprecationWarning: The `punycode` module is deprecated. Please use a userland alternative instead.
2026-09-15T14:54:13.7458598Z (Use `node --trace-deprecation ...` to show where the warning was created)
2026-09-15T14:54:13.7475821Z [command]/usr/bin/git version
2026-09-15T14:54:13.7501824Z git version 2.55.0
2026-09-15T14:54:13.7522843Z Temporarily overriding HOME='/home/runner/work/_temp/71e56fbd-732a-44e5-8567-e1add3cb7f02' before making global git config changes
2026-09-15T14:54:13.7523613Z Adding repository directory to the temporary git global config as a safe directory
2026-09-15T14:54:13.7525411Z [command]/usr/bin/git config --global --add safe.directory /home/runner/work/twoyi/twoyi
2026-09-15T14:54:13.7551542Z [command]/usr/bin/git config --local --name-only --get-regexp core\.sshCommand
2026-09-15T14:54:13.7574139Z [command]/usr/bin/git submodule foreach --recursive sh -c "git config --local --name-only --get-regexp 'core\.sshCommand' && git config --local --unset-all 'core.sshCommand' || :"
2026-09-15T14:54:13.7748177Z [command]/usr/bin/git config --local --name-only --get-regexp http\.https\:\/\/github\.com\/\.extraheader
2026-09-15T14:54:13.8282401Z http.https://github.com/.extraheader
2026-09-15T14:54:13.8292297Z [command]/usr/bin/git config --local --unset-all http.https://github.com/.extraheader
2026-09-15T14:54:13.8327314Z [command]/usr/bin/git submodule foreach --recursive sh -c "git config --local --name-only --get-regexp 'http\.https\:\/\/github\.com\/\.extraheader' && git config --local --unset-all 'http.https://github.com/.extraheader' || :"
2026-09-15T14:54:13.8613388Z Cleaning up orphan processes
2026-09-15T14:54:13.8815310Z Terminate orphan process: pid (4988) (java)
2026-09-15T14:54:13.8836260Z ##[warning]Node.js 20 is deprecated. The following actions target Node.js 20 but are being forced to run on Node.js 24: actions/checkout@v3, actions/upload-artifact@v4, softprops/action-gh-release@v2. For more information see: https://github.blog/changelog/2025-09-19-deprecation-of-node-20-on-github-actions-runners/
